Ano,Rodada,Data,Mandante,Visitante,Gol.Mandante,Gol.Visitante,Total Gols,GP_m_20,GP_v_20,GC_m_20,GC_v_20,ShotsP_m_20,ShotsP_v_20,Elo_Dif_Abs
2018,1,04/14/18 16:00,Cruzeiro,Gremio,0,1,1,26,22,23,18,292,229,0.349617821
2018,1,04/14/18 21:00,Santos,Ceara,2,0,2,20,23,19,36,NA,NA,3.639485369
2018,1,04/14/18 19:00,Vitoria,Flamengo,2,2,4,31,22,28,21,276,304,1.700226467
2018,1,04/15/18 19:00,Atletico-PR,Chapecoense,5,1,6,25,23,21,18,NA,NA,1.52850928
2018,1,04/15/18 16:00,Corinthians,Fluminense,2,1,3,21,21,22,26,266,246,2.71700047
2018,1,04/15/18 16:00,Internacional,Bahia,2,0,2,16,28,20,25,273,235,0.894241256
2018,1,04/15/18 16:00,Vasco,Atletico-MG,2,1,3,19,33,17,28,259,276,0.517955557
2018,1,04/16/18 20:00,Botafogo,Palmeiras,1,1,2,24,33,22,26,245,303,1.934745805
2018,1,04/16/18 20:00,Sao Paulo,Parana,1,0,1,27,21,25,41,NA,NA,3.604631726
2018,2,04/21/18 16:00,Bahia,Santos,1,0,1,26,22,26,19,236,265,2.79292136
2018,2,04/21/18 19:00,Flamengo,America-MG,2,0,2,24,14,21,28,300,205,1.145563415
2018,2,04/22/18 16:00,Atletico-MG,Vitoria,2,1,3,34,31,28,30,277,287,2.314936707
2018,2,04/22/18 16:00,Ceara,Sao Paulo,0,0,0,20,27,38,23,NA,NA,2.895668547
2018,2,04/22/18 16:00,Chapecoense,Vasco,1,1,2,24,21,21,18,229,272,0.671082842
2018,2,04/22/18 16:00,Fluminense,Cruzeiro,1,0,1,22,26,28,24,250,282,1.217384985
2018,2,04/22/18 19:00,Gremio,Atletico-PR,0,0,0,21,29,18,22,NA,NA,0.589357787
2018,2,04/22/18 16:00,Palmeiras,Internacional,1,0,1,34,16,26,18,291,271,2.164088339
2018,2,04/22/18 11:00,Parana,Corinthians,0,4,4,21,20,42,22,NA,NA,5.001377441
2018,3,04/28/18 16:00,Botafogo,Gremio,2,1,3,25,21,24,17,248,236,1.372983683
2018,3,04/29/18 16:00,Atletico-MG,Corinthians,1,0,1,34,24,29,21,269,260,0.878863709
2018,3,04/29/18 16:00,Bahia,Atletico-PR,0,0,0,26,25,22,21,NA,NA,0.879357955
2018,3,04/29/18 16:00,Ceara,Flamengo,0,3,3,19,26,35,19,NA,NA,3.188596382
2018,3,04/29/18 16:00,Fluminense,Sao Paulo,1,1,2,23,24,28,21,246,230,1.825616102
2018,3,04/29/18 19:00,Internacional,Cruzeiro,0,0,0,16,24,18,22,268,279,0.009970278
2018,3,04/29/18 16:00,Palmeiras,Chapecoense,0,0,0,34,23,25,22,297,226,1.235428257
2018,3,04/30/18 20:00,America-MG,Vitoria,2,1,3,14,32,29,31,218,278,0.64570748
2018,4,05/05/18 19:00,Sao Paulo,Atletico-MG,2,2,4,24,34,21,27,229,272,1.003873942
2018,3,05/05/18 19:00,Vasco,America-MG,4,1,5,21,15,18,28,277,220,2.163107412
2018,4,05/06/18 16:00,Atletico-PR,Palmeiras,1,3,4,25,34,21,23,NA,NA,0.699760408
2018,4,05/06/18 11:00,Corinthians,Ceara,1,1,2,23,18,22,37,NA,NA,4.592152906
2018,4,05/06/18 16:00,Cruzeiro,Botafogo,1,0,1,22,26,22,23,276,253,0.633750808
2018,4,05/06/18 16:00,Flamengo,Internacional,2,0,2,27,15,19,17,306,260,2.847193162
2018,4,05/06/18 19:00,Gremio,Santos,5,1,6,22,22,19,20,237,258,1.093427413
2018,4,05/06/18 19:00,Sport Recife,Bahia,2,0,2,NA,NA,NA,NA,268,249,2.887419025
2018,4,05/06/18 16:00,Vitoria,Fluminense,1,2,3,32,22,33,28,287,241,0.78812896
2018,4,05/07/18 20:00,Chapecoense,Parana,1,1,2,23,19,21,45,NA,NA,5.68575875
2018,5,05/12/18 16:00,Gremio,Internacional,0,0,0,22,14,20,18,241,264,2.243816872
2018,5,05/13/18 16:00,Atletico-PR,Atletico-MG,1,2,3,26,34,22,28,NA,NA,2.015938824
2018,5,05/13/18 16:00,Bahia,Sao Paulo,2,2,4,22,24,22,19,243,226,1.714739144
2018,5,05/13/18 16:00,Chapecoense,Flamengo,3,2,5,24,27,21,19,220,306,1.592577296
2018,5,05/13/18 16:00,Corinthians,Palmeiras,1,0,1,24,33,22,22,241,290,1.197782612
2018,5,05/13/18 11:00,Cruzeiro,Sport Recife,2,0,2,NA,NA,NA,NA,281,277,2.29752364
2018,5,05/13/18 19:00,Santos,Parana,3,1,4,23,18,25,44,NA,NA,5.06677512
2018,5,05/13/18 16:00,Vasco,Vitoria,2,3,5,25,32,16,35,286,279,4.738994063
2018,5,05/14/18 20:00,Botafogo,Fluminense,2,1,3,24,24,23,28,248,251,0.172292165
2018,5,05/14/18 20:00,Ceara,America-MG,2,2,4,19,15,34,30,NA,NA,1.548568536
2018,6,05/19/18 16:00,Atletico-MG,Cruzeiro,1,0,1,35,22,28,20,267,283,2.496284894
2018,6,05/19/18 19:00,Flamengo,Vasco,1,1,2,29,26,20,19,303,286,0.482431183
2018,6,05/19/18 21:00,Palmeiras,Bahia,3,0,3,32,23,22,23,291,243,3.171858946
2018,6,05/20/18 16:00,America-MG,Botafogo,1,0,1,17,24,30,24,214,240,0.591689672
2018,6,05/20/18 19:00,Fluminense,Atletico-PR,2,0,2,23,26,28,23,NA,NA,0.109357585
2018,6,05/20/18 16:00,Parana,Gremio,0,0,0,19,22,41,19,NA,NA,4.973062239
2018,6,05/20/18 16:00,Sao Paulo,Santos,1,0,1,24,25,19,25,227,247,0.185041266
2018,6,05/20/18 16:00,Sport Recife,Corinthians,1,1,2,NA,NA,NA,NA,270,238,4.422786835
2018,6,05/20/18 11:00,Vitoria,Ceara,2,1,3,33,20,35,35,NA,NA,0.579113042
2018,6,05/21/18 20:00,Internacional,Chapecoense,3,0,3,12,26,17,21,248,216,1.994945531
2018,7,05/26/18 21:00,Atletico-MG,Flamengo,0,1,1,35,28,27,21,268,300,1.352471801
2018,7,05/26/18 16:00,Fluminense,Chapecoense,3,1,4,24,25,25,24,269,218,0.682742724
2018,7,05/26/18 19:00,Palmeiras,Sport Recife,2,3,5,NA,NA,NA,NA,288,267,4.957886953
2018,7,05/27/18 19:00,America-MG,Sao Paulo,0,1,1,17,23,29,18,221,224,1.51476262
2018,7,05/27/18 16:00,Bahia,Vasco,3,0,3,23,26,25,20,243,294,2.621867395
2018,7,05/27/18 16:00,Botafogo,Vitoria,1,1,2,22,34,25,34,234,269,1.057006549
2018,7,05/27/18 19:00,Ceara,Gremio,0,1,1,21,22,33,18,NA,NA,3.237856453
2018,7,05/27/18 16:00,Internacional,Corinthians,2,1,3,14,25,15,21,248,227,2.249859351
2018,7,05/27/18 11:00,Parana,Atletico-PR,0,0,0,17,23,37,24,NA,NA,3.345324328
2018,7,05/27/18 16:00,Santos,Cruzeiro,0,1,1,23,21,26,21,240,283,0.777505656
2018,8,05/30/18 21:00,Chapecoense,Ceara,2,0,2,25,21,27,33,NA,NA,3.23335504
2018,8,05/30/18 21:45,Cruzeiro,Palmeiras,1,0,1,20,35,20,25,287,288,0.893271621
2018,8,05/30/18 21:45,Gremio,Fluminense,0,0,0,23,27,17,25,226,271,0.846559642
2018,8,05/30/18 21:00,Sao Paulo,Botafogo,3,2,5,23,20,17,24,223,233,2.455291265
2018,8,05/30/18 19:30,Sport Recife,Atletico-MG,3,2,5,NA,NA,NA,NA,274,277,3.8406523
2018,8,05/30/18 19:30,Vasco,Parana,1,0,1,26,16,22,37,NA,NA,5.067426412
2018,8,05/30/18 19:30,Vitoria,Internacional,2,3,5,32,16,34,15,268,252,1.182149307
2018,8,05/31/18 21:00,Atletico-PR,Santos,2,0,2,23,23,23,25,NA,NA,0.87855001
2018,8,05/31/18 18:00,Corinthians,America-MG,1,0,1,25,15,22,28,220,223,2.125806595
2018,8,05/31/18 16:00,Flamengo,Bahia,2,0,2,28,25,20,25,277,242,2.928972719
2018,9,06/02/18 16:00,Atletico-MG,Chapecoense,3,3,6,34,26,28,26,284,229,1.317368579
2018,9,06/02/18 16:00,Internacional,Sport Recife,0,0,0,NA,NA,NA,NA,253,272,1.660355159
2018,9,06/02/18 21:00,Palmeiras,Sao Paulo,3,1,4,35,25,25,19,277,231,0.868658181
2018,9,06/02/18 19:00,Vasco,Botafogo,1,2,3,26,20,21,24,286,233,1.904062633
2018,9,06/03/18 16:00,America-MG,Atletico-PR,3,1,4,14,25,29,21,NA,NA,0.667699524
2018,9,06/03/18 16:00,Bahia,Gremio,0,2,2,24,22,26,17,248,225,1.734208893
2018,9,06/03/18 19:00,Ceara,Cruzeiro,0,1,1,18,20,33,19,NA,NA,4.402899541
2018,9,06/03/18 16:00,Flamengo,Corinthians,1,0,1,30,25,19,21,281,222,0.998428707
2018,9,06/03/18 16:00,Santos,Vitoria,5,2,7,22,31,27,35,237,276,1.470184897
2018,9,06/04/18 20:00,Parana,Fluminense,2,1,3,15,27,35,24,NA,NA,4.712603287
2018,10,06/05/18 21:30,Sao Paulo,Internacional,0,0,0,26,18,21,13,231,258,1.340307654
2018,10,06/06/18 19:30,Botafogo,Ceara,1,0,1,20,17,24,33,NA,NA,3.679783902
2018,10,06/06/18 21:00,Corinthians,Santos,1,1,2,22,26,21,29,221,249,1.311757349
2018,10,06/06/18 21:45,Cruzeiro,Vasco,1,1,2,19,26,18,22,280,277,1.170311462
2018,10,06/06/18 21:45,Gremio,Palmeiras,0,2,2,24,36,16,24,223,272,0.108186824
2018,10,06/06/18 21:00,Sport Recife,Atletico-PR,1,0,1,NA,NA,NA,NA,NA,NA,0.049159268
2018,10,06/06/18 19:30,Vitoria,Chapecoense,1,0,1,32,28,38,27,280,230,2.674321314
2018,10,06/07/18 21:00,America-MG,Atletico-MG,1,3,4,16,36,30,31,227,281,2.076095184
2018,10,06/07/18 20:00,Fluminense,Flamengo,0,2,2,27,30,25,18,268,286,2.954940003
2018,10,06/07/18 20:00,Parana,Bahia,1,0,1,16,22,34,26,NA,NA,2.182032703
2018,11,06/09/18 16:00,Atletico-PR,Sao Paulo,0,1,1,23,24,21,20,NA,NA,2.566580205
2018,11,06/09/18 19:00,Chapecoense,Cruzeiro,2,0,2,28,19,27,19,NA,NA,1.194663292
2018,11,06/09/18 21:00,Corinthians,Vitoria,0,0,0,23,31,20,36,227,273,2.650121152
2018,11,06/09/18 19:00,Vasco,Sport Recife,3,2,5,NA,NA,NA,NA,271,269,1.064568343
2018,11,06/10/18 16:00,Atletico-MG,Fluminense,5,2,7,38,26,31,27,281,260,2.718870597
2018,11,06/10/18 16:00,Bahia,Botafogo,3,3,6,20,21,27,23,249,235,2.039530595
2018,11,06/10/18 16:00,Ceara,Palmeiras,2,2,4,16,35,33,23,NA,NA,6.275143235
2018,11,06/10/18 19:00,Flamengo,Parana,2,0,2,31,14,18,33,NA,NA,6.572689028
2018,11,06/10/18 16:00,Gremio,America-MG,1,0,1,23,17,18,30,231,238,2.057480024
2018,11,06/10/18 19:00,Santos,Internacional,1,2,3,26,17,29,13,253,256,0.384818303
2018,12,06/12/18 21:30,Sao Paulo,Vitoria,3,0,3,24,29,17,33,215,266,3.299827745
2018,12,06/13/18 16:00,America-MG,Chapecoense,0,0,0,17,27,29,25,242,219,2.020694519
2018,12,06/13/18 21:45,Atletico-MG,Ceara,2,1,3,41,17,30,31,NA,NA,6.001274219
2018,12,06/13/18 21:45,Bahia,Corinthians,1,0,1,22,23,26,20,258,239,2.71525713
2018,12,06/13/18 21:00,Botafogo,Atletico-PR,2,0,2,23,20,25,20,NA,NA,1.829132033
2018,12,06/13/18 19:00,Fluminense,Santos,0,1,1,25,25,31,29,263,254,0.443940389
2018,12,06/13/18 21:45,Internacional,Vasco,3,1,4,18,27,14,24,260,273,0.364399593
2018,12,06/13/18 21:00,Palmeiras,Flamengo,1,1,2,35,29,25,17,261,273,1.304891688
2018,12,06/13/18 19:30,Parana,Cruzeiro,1,1,2,12,19,32,20,NA,NA,4.150471638
2018,12,06/13/18 19:30,Sport Recife,Gremio,0,0,0,NA,NA,NA,NA,271,234,1.825380782
2018,13,07/18/18 19:30,Ceara,Sport Recife,1,0,1,NA,NA,NA,NA,NA,NA,2.990654204
2018,13,07/18/18 21:45,Corinthians,Botafogo,2,0,2,22,23,19,24,239,254,0.190276376
2018,13,07/18/18 21:45,Flamengo,Sao Paulo,0,1,1,30,25,16,17,271,219,1.411628328
2018,13,07/18/18 21:45,Gremio,Atletico-MG,2,0,2,23,40,15,30,242,300,1.274397861
2018,13,07/18/18 21:00,Vitoria,Parana,1,0,1,28,13,34,29,NA,NA,1.692569142
2018,13,07/19/18 21:00,Atletico-PR,Internacional,2,2,4,18,21,21,14,NA,NA,3.478504484
2018,13,07/19/18 19:30,Chapecoense,Bahia,1,1,2,25,21,25,25,NA,NA,2.072759431
2018,13,07/19/18 19:30,Cruzeiro,America-MG,3,1,4,19,17,18,26,NA,NA,2.331046986
2018,13,07/19/18 20:00,Santos,Palmeiras,1,1,2,25,33,28,25,NA,NA,1.914217816
2018,13,07/19/18 20:00,Vasco,Fluminense,1,1,2,27,25,27,30,NA,NA,2.052682769
2018,14,07/21/18 19:00,Flamengo,Botafogo,2,0,2,30,23,17,26,287,272,2.779463046
2018,14,07/21/18 21:00,Sao Paulo,Corinthians,3,1,4,24,24,16,18,223,234,2.270340851
2018,14,07/22/18 16:00,Bahia,Vitoria,4,1,5,21,28,25,33,NA,NA,0.06475921
2018,14,07/22/18 19:00,Chapecoense,Santos,0,0,0,26,25,26,29,NA,NA,0.210090616
2018,14,07/22/18 19:00,Cruzeiro,Atletico-PR,2,1,3,20,20,17,23,NA,NA,2.927946077
2018,14,07/22/18 16:00,Palmeiras,Atletico-MG,3,2,5,32,40,24,32,NA,NA,0.209895907
2018,14,07/22/18 16:00,Parana,America-MG,1,0,1,13,18,29,27,NA,NA,1.691873982
2018,14,07/22/18 16:00,Sport Recife,Fluminense,1,2,3,NA,NA,NA,NA,NA,NA,0.056953057
2018,14,07/22/18 16:00,Vasco,Gremio,1,0,1,27,23,27,13,NA,NA,1.31567815
2018,14,07/23/18 20:00,Internacional,Ceara,1,0,1,21,19,15,31,NA,NA,4.870322265
2018,15,07/25/18 21:00,Atletico-MG,Parana,2,0,2,41,14,32,26,NA,NA,4.681453199
2018,15,07/25/18 21:45,Corinthians,Cruzeiro,2,0,2,22,21,19,18,239,298,0.849466727
2018,15,07/25/18 19:30,Fluminense,Palmeiras,1,0,1,25,33,30,23,263,244,3.104433063
2018,15,07/25/18 21:45,Santos,Flamengo,1,1,2,24,31,27,14,261,280,2.792973177
2018,15,07/26/18 17:00,America-MG,Internacional,2,1,3,17,22,28,15,NA,NA,3.890760128
2018,15,07/26/18 17:00,Botafogo,Chapecoense,1,0,1,22,25,26,25,NA,NA,0.302830535
2018,15,07/26/18 19:30,Gremio,Sao Paulo,2,1,3,20,26,13,17,NA,NA,2.014176964
2018,15,07/26/18 19:30,Vitoria,Sport Recife,1,0,1,NA,NA,NA,NA,NA,NA,0.360590997
2018,16,07/28/18 16:00,Ceara,Fluminense,1,0,1,18,24,30,28,NA,NA,3.358282586
2018,16,07/29/18 16:00,Atletico-PR,Vitoria,4,0,4,21,26,24,35,NA,NA,0.761344605
2018,16,07/29/18 19:00,Chapecoense,Gremio,1,1,2,23,21,24,14,NA,NA,1.79409564
2018,16,07/29/18 16:00,Cruzeiro,Sao Paulo,0,2,2,21,25,18,17,NA,NA,1.897887375
2018,16,07/29/18 16:00,Flamengo,Sport Recife,4,1,5,NA,NA,NA,NA,NA,NA,5.423398674
2018,16,07/29/18 16:00,Internacional,Botafogo,3,0,3,22,21,16,25,NA,NA,0.925045718
2018,16,07/29/18 11:00,Palmeiras,Parana,3,0,3,32,13,21,28,NA,NA,5.192008893
2018,16,07/29/18 19:00,Santos,America-MG,0,1,1,22,18,27,29,NA,NA,1.948421292
2018,16,07/29/18 11:00,Vasco,Corinthians,1,4,5,28,23,27,19,NA,NA,0.163610919
2018,16,07/30/18 20:00,Bahia,Atletico-MG,2,2,4,23,40,26,30,NA,NA,2.639229855
2018,17,08/04/18 16:00,Botafogo,Santos,0,0,0,21,21,27,26,270,286,0.355568151
2018,17,08/04/18 21:00,Corinthians,Atletico-PR,0,0,0,26,25,20,23,NA,NA,3.21406866
2018,17,08/04/18 19:00,Gremio,Flamengo,2,0,2,21,34,14,14,254,290,1.573156919
2018,17,08/05/18 16:00,America-MG,Palmeiras,0,0,0,19,33,28,21,NA,NA,3.026554457
2018,17,08/05/18 19:00,Fluminense,Bahia,1,1,2,23,23,26,27,NA,NA,0.236974668
2018,17,08/05/18 16:00,Parana,Ceara,0,1,1,13,17,31,29,NA,NA,0.406764835
2018,17,08/05/18 16:00,Sao Paulo,Vasco,2,1,3,26,28,16,30,NA,NA,3.420776464
2018,17,08/05/18 19:00,Sport Recife,Chapecoense,1,1,2,NA,NA,NA,NA,NA,NA,2.194728275
2018,17,08/05/18 16:00,Vitoria,Cruzeiro,1,1,2,25,18,38,19,NA,NA,1.948818959
2018,17,08/06/18 20:00,Atletico-MG,Internacional,0,1,1,40,25,30,15,NA,NA,0.364365747
2018,20,08/08/18 19:30,Ceara,Santos,1,1,2,16,21,26,24,NA,NA,2.020735956
2018,18,08/11/18 19:00,Bahia,America-MG,1,0,1,22,19,26,27,275,226,0.208354658
2018,18,08/11/18 16:00,Ceara,Atletico-PR,0,0,0,17,24,26,23,NA,NA,0.992648756
2018,18,08/12/18 11:00,Atletico-MG,Santos,3,1,4,39,21,30,22,281,280,1.354427444
2018,18,08/12/18 16:00,Chapecoense,Corinthians,2,1,3,21,23,25,19,221,226,1.446214147
2018,18,08/12/18 16:00,Flamengo,Cruzeiro,1,0,1,34,17,15,18,282,278,2.511572883
2018,18,08/12/18 19:00,Gremio,Vitoria,4,0,4,22,25,14,37,252,268,3.92857873
2018,18,08/12/18 19:00,Palmeiras,Vasco,1,0,1,28,27,20,31,248,277,2.381075149
2018,18,08/12/18 11:00,Parana,Botafogo,1,1,2,12,20,32,25,NA,NA,3.704873755
2018,18,08/12/18 16:00,Sport Recife,Sao Paulo,1,3,4,NA,NA,NA,NA,268,227,6.036289007
2018,18,08/13/18 20:00,Fluminense,Internacional,0,3,3,23,25,24,14,250,263,2.942094512
2018,19,08/18/18 19:00,Corinthians,Gremio,0,1,1,24,26,18,13,220,256,1.497055604
2018,19,08/18/18 16:00,Santos,Sport Recife,3,0,3,NA,NA,NA,NA,286,271,2.343679501
2018,19,08/19/18 19:00,America-MG,Fluminense,0,0,0,19,21,25,27,NA,NA,0.141385267
2018,19,08/19/18 11:00,Atletico-PR,Flamengo,3,0,3,23,32,21,15,NA,NA,4.258189581
2018,19,08/19/18 16:00,Botafogo,Atletico-MG,0,3,3,21,39,26,31,NA,NA,1.758930595
2018,19,08/19/18 16:00,Cruzeiro,Bahia,1,1,2,16,20,18,25,NA,NA,0.421316414
2018,19,08/19/18 11:00,Internacional,Parana,1,0,1,28,11,13,30,NA,NA,6.645929324
2018,19,08/19/18 19:00,Sao Paulo,Chapecoense,2,0,2,31,22,17,25,NA,NA,3.702821526
2018,19,08/19/18 16:00,Vitoria,Palmeiras,0,3,3,24,28,40,18,NA,NA,4.33048546
2018,19,08/20/18 20:00,Vasco,Ceara,1,1,2,26,14,31,25,NA,NA,1.992384929
2018,20,08/22/18 19:30,Bahia,Internacional,0,1,1,21,28,25,13,287,262,2.963652489
2018,20,08/22/18 21:45,Fluminense,Corinthians,1,0,1,20,22,25,17,257,220,1.42578488
2018,20,08/22/18 21:45,Gremio,Cruzeiro,1,1,2,26,17,12,18,259,268,3.03725193
2018,20,08/22/18 21:00,Palmeiras,Botafogo,2,0,2,29,21,18,27,256,276,3.7798255
2018,20,08/22/18 19:30,Parana,Sao Paulo,1,1,2,9,31,28,16,NA,NA,8.152419005
2018,20,08/22/18 21:00,Sport Recife,America-MG,0,2,2,NA,NA,NA,NA,267,218,1.719068809
2018,20,08/23/18 20:00,Atletico-MG,Vasco,0,0,0,40,26,29,31,NA,NA,2.791329618
2018,20,08/23/18 19:30,Flamengo,Vitoria,1,0,1,31,21,16,41,NA,NA,4.823021032
2018,21,08/25/18 17:00,America-MG,Flamengo,2,2,4,19,30,22,15,216,268,3.282012407
2018,21,08/25/18 19:00,Atletico-PR,Gremio,2,1,3,23,24,20,9,NA,NA,3.227955187
2018,21,08/25/18 21:00,Botafogo,Sport Recife,2,0,2,19,19,27,32,273,267,2.590057628
2018,21,08/25/18 19:00,Corinthians,Parana,1,0,1,22,10,17,26,213,263,3.617047246
2018,21,08/25/18 21:00,Cruzeiro,Fluminense,2,1,3,16,20,17,24,263,255,0.947167519
2018,21,08/25/18 17:00,Internacional,Palmeiras,0,0,0,28,31,12,15,263,271,0.279391342
2018,21,08/25/18 16:00,Santos,Bahia,2,0,2,22,21,24,25,277,293,0.408532122
2018,21,08/26/18 11:00,Sao Paulo,Ceara,1,0,1,31,13,16,24,NA,NA,6.042424359
2018,21,08/26/18 19:00,Vasco,Chapecoense,3,1,4,25,21,28,27,NA,NA,0.453449107
2018,21,08/26/18 17:00,Vitoria,Atletico-MG,1,0,1,20,36,40,26,NA,NA,4.348782697
2018,15,08/29/18 19:30,Atletico-PR,Vasco,1,0,1,25,27,20,29,NA,NA,0.055632194
2018,15,08/29/18 19:30,Ceara,Bahia,0,2,2,12,20,23,26,238,290,1.29827985
2018,22,09/01/18 21:00,Corinthians,Atletico-MG,1,1,2,21,35,16,25,220,299,1.178248577
2018,22,09/01/18 16:00,Gremio,Botafogo,4,0,4,24,20,11,26,248,280,3.007300393
2018,22,09/01/18 19:00,Vasco,Santos,0,3,3,25,23,29,23,260,260,0.463720206
2018,22,09/01/18 16:00,Vitoria,America-MG,1,0,1,19,18,38,24,238,215,1.263594402
2018,22,09/02/18 16:00,Atletico-PR,Bahia,2,0,2,23,22,20,24,NA,NA,0.595422998
2018,22,09/02/18 19:00,Chapecoense,Palmeiras,1,2,3,20,30,29,14,211,278,3.5755878
2018,22,09/02/18 19:00,Cruzeiro,Internacional,0,0,0,18,26,17,12,258,270,2.651005645
2018,22,09/02/18 11:00,Flamengo,Ceara,0,1,1,30,12,15,23,265,249,5.482079572
2018,22,09/02/18 16:00,Sao Paulo,Fluminense,1,1,2,31,20,16,24,240,249,5.006327842
2018,22,09/02/18 16:00,Sport Recife,Parana,1,0,1,19,10,31,26,255,268,0.012308256
2018,23,09/05/18 21:45,Atletico-MG,Sao Paulo,1,0,1,34,32,25,17,291,233,2.290133688
2018,23,09/05/18 19:30,Bahia,Sport Recife,2,0,2,21,19,26,30,281,261,2.943874004
2018,23,09/05/18 19:30,Botafogo,Cruzeiro,1,1,2,19,18,29,16,273,269,1.572085049
2018,23,09/05/18 20:00,Ceara,Corinthians,2,1,3,13,18,23,17,244,222,2.006276786
2018,23,09/05/18 21:45,Internacional,Flamengo,2,1,3,26,28,11,16,262,273,1.500608383
2018,23,09/05/18 21:00,Palmeiras,Atletico-PR,2,0,2,31,20,15,19,NA,NA,3.093932398
2018,23,09/05/18 21:00,Parana,Chapecoense,1,1,2,10,20,23,26,266,212,3.449493099
2018,23,09/06/18 20:00,America-MG,Vasco,2,1,3,18,23,23,31,NA,NA,0.051343377
2018,23,09/06/18 19:00,Fluminense,Vitoria,0,0,0,20,19,25,36,NA,NA,0.907272829
2018,23,09/06/18 19:00,Santos,Gremio,0,0,0,24,28,23,11,NA,NA,1.533433428
2018,24,09/08/18 17:00,America-MG,Ceara,0,0,0,18,15,23,21,198,253,0.848837445
2018,24,09/08/18 17:00,Flamengo,Chapecoense,2,0,2,26,20,18,26,267,217,2.244771273
2018,24,09/08/18 17:00,Fluminense,Botafogo,1,0,1,19,18,24,29,262,282,0.304479355
2018,24,09/08/18 17:00,Internacional,Gremio,1,0,1,28,27,12,9,258,248,0.993103963
2018,24,09/08/18 17:00,Palmeiras,Corinthians,1,0,1,33,19,15,18,269,219,4.412963036
2018,24,09/08/18 17:00,Parana,Santos,0,2,2,10,24,22,22,254,260,4.973101184
2018,24,09/08/18 17:00,Sao Paulo,Bahia,1,0,1,31,23,17,26,242,271,3.598231321
2018,24,09/08/18 17:00,Sport Recife,Cruzeiro,0,0,0,17,19,31,17,251,254,4.387637916
2018,24,09/08/18 17:00,Vitoria,Vasco,1,0,1,18,23,34,32,243,249,0.035151633
2018,24,09/10/18 20:00,Atletico-MG,Atletico-PR,3,1,4,34,20,25,21,NA,NA,1.40229152
2018,20,09/13/18 20:00,Chapecoense,Atletico-PR,2,1,3,20,21,28,24,NA,NA,1.184532539
2018,25,09/15/18 16:00,Ceara,Vitoria,2,0,2,14,18,20,32,261,240,0.386294396
2018,25,09/15/18 16:00,Gremio,Parana,2,0,2,22,9,9,23,250,254,6.815888838
2018,25,09/15/18 19:00,Vasco,Flamengo,1,1,2,19,26,32,18,244,268,3.383608707
2018,25,09/16/18 16:00,Atletico-PR,Fluminense,3,1,4,21,18,23,23,NA,NA,0.248951536
2018,25,09/16/18 16:00,Bahia,Palmeiras,1,1,2,23,31,25,14,NA,NA,4.685411326
2018,25,09/16/18 11:00,Botafogo,America-MG,1,0,1,18,17,29,19,NA,NA,0.515813273
2018,25,09/16/18 19:00,Corinthians,Sport Recife,2,1,3,18,15,18,31,NA,NA,3.096670006
2018,25,09/16/18 16:00,Cruzeiro,Atletico-MG,0,0,0,18,35,17,24,NA,NA,1.601136172
2018,25,09/16/18 16:00,Santos,Sao Paulo,0,0,0,25,30,17,15,NA,NA,2.175350327
2018,25,09/17/18 20:00,Chapecoense,Internacional,2,1,3,21,29,28,10,NA,NA,4.410317387
2018,26,09/22/18 16:00,Sao Paulo,America-MG,1,1,2,28,15,13,18,236,200,4.726042388
2018,26,09/23/18 16:00,Atletico-PR,Parana,3,0,3,23,8,22,22,NA,NA,4.816652078
2018,26,09/23/18 16:00,Corinthians,Internacional,1,1,2,19,30,19,12,220,261,3.590704469
2018,26,09/23/18 19:00,Cruzeiro,Santos,2,1,3,16,22,17,16,250,261,0.716647196
2018,26,09/23/18 16:00,Flamengo,Atletico-MG,2,1,3,25,33,16,23,279,271,0.523479388
2018,26,09/23/18 11:00,Gremio,Ceara,3,2,5,24,14,9,18,263,254,3.278262045
2018,26,09/23/18 18:00,Sport Recife,Palmeiras,0,1,1,16,32,31,14,251,265,7.918157784
2018,26,09/23/18 18:00,Vitoria,Botafogo,3,4,7,15,17,32,28,234,292,0.280600088
2018,26,09/24/18 20:00,Chapecoense,Fluminense,1,2,3,20,18,27,24,218,247,0.792234704
2018,26,09/24/18 20:00,Vasco,Bahia,2,1,3,18,22,30,24,241,272,1.179929634
2018,3,09/27/18 19:30,Santos,Vasco,1,1,2,23,19,17,30,258,235,2.050549845
2018,27,09/29/18 17:00,America-MG,Corinthians,0,0,0,15,19,19,19,192,225,0.562260044
2018,27,09/29/18 17:00,Atletico-MG,Sport Recife,5,2,7,33,15,25,31,NA,NA,5.989938209
2018,27,09/29/18 17:00,Bahia,Flamengo,0,0,0,23,26,23,16,274,279,2.917459959
2018,27,09/29/18 17:00,Botafogo,Sao Paulo,2,2,4,21,28,30,14,NA,NA,3.513115992
2018,27,09/29/18 17:00,Ceara,Chapecoense,3,1,4,15,21,19,26,NA,NA,0.393013321
2018,27,09/29/18 17:00,Fluminense,Gremio,0,1,1,18,27,25,11,242,272,2.648015693
2018,27,09/29/18 17:00,Internacional,Vitoria,2,1,3,28,16,13,35,NA,NA,5.16711771
2018,27,09/29/18 17:00,Palmeiras,Cruzeiro,3,1,4,30,18,14,17,NA,NA,3.443759671
2018,27,09/29/18 17:00,Santos,Atletico-PR,1,0,1,24,26,17,20,NA,NA,0.199388493
2018,27,09/30/18 17:00,Parana,Vasco,1,1,2,8,20,25,28,NA,NA,3.958452276
2018,28,10/05/18 21:00,Corinthians,Flamengo,0,3,3,18,25,17,16,229,274,2.288061881
2018,28,10/05/18 19:00,Sport Recife,Internacional,2,1,3,14,28,34,13,240,253,7.547133756
2018,28,10/05/18 21:30,Vitoria,Santos,0,1,1,16,25,36,15,225,247,2.926643611
2018,28,10/06/18 16:00,Atletico-PR,America-MG,4,0,4,26,15,21,18,NA,NA,1.002170675
2018,28,10/06/18 16:00,Chapecoense,Atletico-MG,1,0,1,21,38,26,26,213,277,3.132158245
2018,28,10/06/18 21:00,Gremio,Bahia,2,2,4,27,20,11,23,259,273,3.890979095
2018,28,10/06/18 18:00,Sao Paulo,Palmeiras,0,2,2,29,31,16,12,237,270,1.417036923
2018,28,10/08/18 20:00,Fluminense,Parana,4,0,4,15,9,25,26,246,258,4.147247204
2018,28,10/09/18 21:00,Botafogo,Vasco,1,1,2,22,20,31,29,293,248,0.567404035
2018,29,10/13/18 21:00,Bahia,Parana,2,0,2,22,9,23,29,266,256,4.452795451
2018,29,10/13/18 17:00,Flamengo,Fluminense,3,0,3,26,19,16,25,269,257,3.141622692
2018,29,10/13/18 19:00,Santos,Corinthians,1,0,1,21,17,13,20,241,225,2.112448722
2018,29,10/14/18 19:00,Atletico-MG,America-MG,0,0,0,36,15,24,21,272,183,2.848952138
2018,29,10/14/18 19:00,Atletico-PR,Sport Recife,4,0,4,28,13,21,33,NA,NA,3.768069536
2018,29,10/14/18 11:00,Chapecoense,Vitoria,0,1,1,20,14,26,34,202,228,2.000746753
2018,29,10/14/18 16:00,Internacional,Sao Paulo,3,1,4,26,26,13,16,241,235,0.140930061
2018,29,10/14/18 16:00,Palmeiras,Gremio,2,0,2,33,29,11,13,270,269,2.430630585
2018,29,10/14/18 16:00,Vasco,Cruzeiro,2,0,2,20,18,28,20,245,235,1.393550325
2018,29,10/15/18 20:00,Ceara,Botafogo,0,0,0,18,21,19,29,246,298,0.17581047
2018,30,10/20/18 16:00,America-MG,Gremio,1,1,2,12,27,20,15,177,258,3.532321797
2018,30,10/20/18 16:00,Botafogo,Bahia,0,1,1,19,24,28,21,288,270,0.06405952
2018,30,10/20/18 19:00,Sao Paulo,Atletico-PR,0,0,0,26,31,16,18,NA,NA,1.607116682
2018,30,10/20/18 19:00,Sport Recife,Vasco,2,1,3,13,21,37,27,237,258,3.388650365
2018,30,10/21/18 19:00,Cruzeiro,Chapecoense,3,0,3,17,17,22,24,235,210,1.58018496
2018,30,10/21/18 16:00,Fluminense,Atletico-MG,1,0,1,18,33,26,21,257,270,1.880186761
2018,30,10/21/18 16:00,Palmeiras,Ceara,2,1,3,32,18,10,17,269,258,6.292597226
2018,30,10/21/18 19:00,Parana,Flamengo,0,4,4,7,28,30,16,251,276,8.027338073
2018,30,10/21/18 16:00,Vitoria,Corinthians,2,2,4,13,17,29,20,231,219,0.827303094
2018,30,10/22/18 20:00,Internacional,Santos,2,2,4,29,21,14,12,245,238,1.384494316
2018,28,10/24/18 17:00,Cruzeiro,Ceara,0,2,2,19,19,22,18,226,270,1.488158015
2018,31,10/26/18 21:30,Vasco,Internacional,1,1,2,19,31,27,16,257,245,3.518116939
2018,31,10/26/18 19:30,Vitoria,Sao Paulo,0,1,1,14,26,31,16,230,241,3.815407806
2018,31,10/27/18 22:00,Atletico-PR,Botafogo,2,1,3,31,18,17,29,NA,NA,1.78166402
2018,31,10/27/18 19:00,Chapecoense,America-MG,1,0,1,17,12,26,18,214,170,0.636147566
2018,31,10/27/18 19:00,Corinthians,Bahia,2,1,3,18,25,21,20,209,269,1.229731783
2018,31,10/27/18 22:00,Cruzeiro,Parana,3,1,4,18,6,23,34,236,246,5.068541156
2018,31,10/27/18 19:00,Flamengo,Palmeiras,1,1,2,30,32,16,11,277,276,2.341544348
2018,31,10/27/18 16:30,Gremio,Sport Recife,3,4,7,28,14,14,38,258,239,5.603902775
2018,31,10/27/18 16:30,Santos,Fluminense,3,0,3,22,19,12,24,240,259,2.023786995
2018,31,10/29/18 20:00,Ceara,Atletico-MG,2,1,3,21,30,17,21,270,266,0.959689931
2018,32,11/03/18 17:00,Atletico-MG,Gremio,0,1,1,26,30,21,18,258,270,1.181723841
2018,32,11/03/18 17:00,Fluminense,Vasco,0,1,1,17,19,22,25,252,263,0.28273638
2018,32,11/03/18 19:00,Palmeiras,Santos,3,2,5,31,24,10,12,269,244,3.491427463
2018,32,11/04/18 17:00,America-MG,Cruzeiro,1,2,3,12,21,18,22,168,239,1.216678216
2018,32,11/04/18 19:00,Bahia,Chapecoense,1,0,1,23,16,19,26,259,213,1.215870138
2018,32,11/04/18 17:00,Botafogo,Corinthians,1,0,1,16,20,28,22,273,212,0.809061891
2018,32,11/04/18 19:00,Internacional,Atletico-PR,2,1,3,30,33,16,17,NA,NA,1.711626319
2018,32,11/04/18 17:00,Parana,Vitoria,1,1,2,7,14,35,32,244,236,3.107059253
2018,32,11/04/18 17:00,Sao Paulo,Flamengo,2,2,4,26,29,16,17,241,286,0.835124473
2018,32,11/05/18 20:00,Sport Recife,Ceara,1,0,1,16,21,38,16,237,264,2.47421536
2018,33,11/10/18 17:00,America-MG,Parana,0,1,1,13,7,20,35,172,242,3.54136109
2018,33,11/10/18 19:00,Atletico-PR,Cruzeiro,2,0,2,34,22,17,22,NA,NA,0.284536951
2018,33,11/10/18 19:00,Botafogo,Flamengo,2,1,3,15,30,28,18,269,297,4.186569926
2018,33,11/10/18 17:00,Corinthians,Sao Paulo,1,1,2,20,25,22,18,205,238,3.051154824
2018,33,11/11/18 17:00,Atletico-MG,Palmeiras,1,1,2,24,33,21,11,260,271,5.941040267
2018,33,11/11/18 17:00,Ceara,Internacional,1,1,2,20,29,15,16,270,240,3.201597848
2018,33,11/11/18 19:00,Fluminense,Sport Recife,0,0,0,17,17,22,38,262,234,0.627432293
2018,33,11/11/18 17:00,Gremio,Vasco,2,1,3,31,19,18,24,266,257,2.274084685
2018,33,11/11/18 17:00,Vitoria,Bahia,2,2,4,15,23,30,19,240,252,2.63669726
2018,33,11/12/18 20:00,Santos,Chapecoense,0,1,1,25,16,14,27,234,211,3.434294395
2018,34,11/14/18 21:00,Bahia,Ceara,2,1,3,24,20,20,16,257,274,0.480486946
2018,34,11/14/18 21:45,Cruzeiro,Corinthians,1,0,1,19,19,23,23,231,212,0.956728265
2018,34,11/14/18 21:45,Palmeiras,Fluminense,3,0,3,33,16,11,21,265,266,6.939599282
2018,34,11/14/18 21:00,Parana,Atletico-MG,0,1,1,8,25,34,20,243,274,4.661825025
2018,34,11/14/18 21:45,Sport Recife,Vitoria,0,0,0,17,16,37,32,226,235,0.849198435
2018,34,11/14/18 19:30,Vasco,Atletico-PR,1,1,2,19,34,26,15,NA,NA,1.394191201
2018,34,11/15/18 17:00,Chapecoense,Botafogo,0,1,1,16,17,26,27,NA,NA,0.380339591
2018,34,11/15/18 17:00,Flamengo,Santos,1,0,1,31,25,19,15,NA,NA,1.626463195
2018,34,11/15/18 21:00,Internacional,America-MG,2,0,2,28,12,15,18,NA,NA,5.72737482
2018,34,11/15/18 19:00,Sao Paulo,Gremio,1,1,2,25,31,19,19,NA,NA,0.236532903
2018,35,11/17/18 19:00,America-MG,Santos,2,1,3,12,24,19,15,181,237,3.73644255
2018,35,11/17/18 19:00,Atletico-MG,Bahia,1,0,1,24,22,17,20,271,266,0.176245245
2018,35,11/17/18 19:00,Botafogo,Internacional,1,0,1,18,29,25,15,251,233,2.772632461
2018,35,11/17/18 19:00,Corinthians,Vasco,1,0,1,18,19,21,23,214,257,0.74524983
2018,35,11/17/18 19:00,Gremio,Chapecoense,2,0,2,32,16,19,27,251,223,3.953593108
2018,35,11/17/18 19:00,Parana,Palmeiras,1,1,2,7,33,35,9,235,273,10.78339816
2018,35,11/17/18 19:00,Sao Paulo,Cruzeiro,1,0,1,23,18,19,22,229,226,1.647837085
2018,35,11/17/18 19:00,Sport Recife,Flamengo,0,1,1,16,30,35,19,223,296,4.753444163
2018,35,11/17/18 19:00,Vitoria,Atletico-PR,1,2,3,15,34,28,14,NA,NA,3.405886206
2018,35,11/19/18 19:00,Fluminense,Ceara,0,0,0,14,21,23,17,NA,NA,0.907856463
2018,36,11/21/18 21:45,Atletico-PR,Corinthians,1,0,1,32,17,15,21,NA,NA,2.425845953
2018,36,11/21/18 21:45,Cruzeiro,Vitoria,3,0,3,18,15,21,30,219,235,2.835225491
2018,36,11/21/18 21:45,Flamengo,Gremio,2,0,2,30,32,18,18,297,255,0.596045874
2018,36,11/21/18 19:30,Internacional,Atletico-MG,1,2,3,28,23,14,17,225,277,1.864590303
2018,36,11/21/18 21:45,Palmeiras,America-MG,4,0,4,34,12,9,19,282,187,7.704081166
2018,36,11/21/18 21:00,Santos,Botafogo,1,1,2,25,18,16,25,216,252,0.50755421
2018,36,11/22/18 21:00,Bahia,Fluminense,2,0,2,20,13,19,23,NA,NA,1.783001935
2018,36,11/22/18 21:00,Ceara,Parana,1,0,1,20,8,17,34,NA,NA,4.310073422
2018,36,11/22/18 21:00,Chapecoense,Sport Recife,2,1,3,16,16,28,35,NA,NA,0.635416685
2018,36,11/22/18 20:00,Vasco,Sao Paulo,2,0,2,18,23,22,17,NA,NA,3.061286593
2018,37,11/24/18 20:00,Santos,Atletico-MG,3,2,5,26,23,17,16,226,284,1.335440951
2018,37,11/25/18 19:00,America-MG,Bahia,1,0,1,11,21,23,18,NA,NA,2.944626747
2018,37,11/25/18 17:00,Atletico-PR,Ceara,2,2,4,33,20,15,17,NA,NA,2.150362274
2018,37,11/25/18 19:00,Corinthians,Chapecoense,0,0,0,13,17,21,28,NA,NA,0.263784612
2018,37,11/25/18 17:00,Cruzeiro,Flamengo,0,2,2,21,28,19,17,NA,NA,3.335087295
2018,37,11/25/18 19:00,Internacional,Fluminense,2,0,2,26,13,16,24,NA,NA,3.677669592
2018,37,11/25/18 17:00,Vasco,Palmeiras,0,1,1,20,35,21,9,NA,NA,5.63372461
2018,37,11/25/18 17:00,Vitoria,Gremio,0,0,0,15,31,29,19,NA,NA,5.360543755
2018,37,11/26/18 20:00,Botafogo,Parana,2,1,3,19,8,23,32,NA,NA,5.820673722
2018,37,11/26/18 20:00,Sao Paulo,Sport Recife,0,0,0,21,16,19,33,NA,NA,4.232877952
2018,38,12/02/18 17:00,Atletico-MG,Botafogo,1,0,1,25,21,18,24,288,257,0.027239343
2018,38,12/02/18 17:00,Bahia,Cruzeiro,0,0,0,20,20,19,20,249,231,0.157387675
2018,38,12/02/18 17:00,Ceara,Vasco,0,0,0,21,19,18,21,273,258,0.564138383
2018,38,12/02/18 17:00,Chapecoense,Sao Paulo,1,0,1,16,19,27,18,236,237,2.472689049
2018,38,12/02/18 17:00,Flamengo,Atletico-PR,1,2,3,30,35,15,17,NA,NA,2.610719527
2018,38,12/02/18 17:00,Fluminense,America-MG,1,0,1,12,12,25,23,252,190,0.078643117
2018,38,12/02/18 17:00,Gremio,Corinthians,1,0,1,29,13,19,21,272,217,3.469277501
2018,38,12/02/18 17:00,Palmeiras,Vitoria,3,2,5,36,14,9,28,277,241,8.567956344
2018,38,12/02/18 17:00,Parana,Internacional,1,1,2,9,27,33,16,208,239,7.036360138
2018,38,12/02/18 17:00,Sport Recife,Santos,2,1,3,15,28,32,18,218,239,2.699354789
2019,1,04/27/19 19:00,Atletico-MG,Avai,2,1,3,23,19,17,23,287,236,3.444977958
2019,1,04/27/19 19:00,Chapecoense,Internacional,2,0,2,15,25,26,17,233,234,2.4157098
2019,1,04/27/19 21:00,Flamengo,Cruzeiro,3,1,4,30,20,17,19,301,239,3.434050872
2019,1,04/27/19 16:00,Sao Paulo,Botafogo,2,0,2,16,20,18,24,227,252,0.216846944
2019,1,04/28/19 16:00,Bahia,Corinthians,3,2,5,19,12,18,20,253,207,1.170237116
2019,1,04/28/19 19:00,Fluminense,Goias,0,1,1,13,26,22,33,253,239,1.921561392
2019,1,04/28/19 11:00,Gremio,Santos,1,2,3,26,28,19,17,268,243,2.419628771
2019,1,04/28/19 19:00,Palmeiras,Fortaleza,4,0,4,38,20,11,38,NA,NA,7.879922422
2019,2,05/01/19 19:15,Avai,Gremio,1,1,2,20,26,25,21,230,282,3.754919447
2019,2,05/01/19 16:00,Corinthians,Chapecoense,1,0,1,14,17,22,24,207,238,1.77575237
2019,2,05/01/19 19:15,Cruzeiro,Ceara,1,0,1,20,24,21,17,231,276,0.349518938
2019,2,05/01/19 21:30,Goias,Sao Paulo,1,2,3,24,16,33,18,236,228,4.029448789
2019,2,05/01/19 16:00,Internacional,Flamengo,2,1,3,24,33,19,15,237,306,2.56240799
2019,2,05/01/19 21:30,Vasco,Atletico-MG,1,2,3,17,22,24,18,254,278,2.795425228
2019,2,05/02/19 20:00,Botafogo,Bahia,3,2,5,20,22,23,19,250,249,0.07357934
2019,2,05/02/19 19:15,Santos,Fluminense,2,1,3,27,13,18,23,240,249,3.758353996
2019,3,05/04/19 21:00,Ceara,Atletico-MG,1,2,3,24,24,17,19,282,271,2.674880985
2019,3,05/04/19 19:00,Palmeiras,Internacional,1,0,1,38,25,12,20,275,240,3.777125646
2019,3,05/04/19 19:00,Vasco,Corinthians,1,1,2,18,15,25,21,259,215,0.66202166
2019,3,05/05/19 19:00,Bahia,Avai,1,0,1,24,20,20,26,261,235,1.97233284
2019,3,05/05/19 16:00,Botafogo,Fortaleza,1,0,1,23,19,23,36,NA,NA,2.472523368
2019,3,05/05/19 16:00,Cruzeiro,Goias,2,1,3,20,22,20,35,235,236,3.412775219
2019,3,05/05/19 19:00,Gremio,Fluminense,4,5,9,26,13,21,25,276,244,4.328046216
2019,3,05/05/19 16:00,Sao Paulo,Flamengo,1,1,2,17,33,18,17,228,302,1.125542251
2019,4,05/11/19 19:00,Corinthians,Gremio,0,0,0,15,29,22,24,210,282,1.303870519
2019,4,05/11/19 16:00,Fluminense,Botafogo,0,1,1,17,22,27,23,254,241,2.780218942
2019,4,05/11/19 21:00,Goias,Ceara,2,1,3,23,25,34,17,243,270,2.414521827
2019,4,05/12/19 19:00,Athletico-PR,Bahia,1,0,1,NA,NA,NA,NA,278,275,3.385787908
2019,4,05/12/19 16:00,Atletico-MG,Palmeiras,0,2,2,26,39,19,12,268,268,2.780246159
2019,4,05/12/19 19:00,Avai,CSA,0,0,0,NA,NA,NA,NA,NA,NA,0.394768657
2019,4,05/12/19 11:00,Flamengo,Chapecoense,2,1,3,32,16,16,21,300,239,4.123781823
2019,4,05/12/19 19:00,Fortaleza,Sao Paulo,0,1,1,18,17,36,19,NA,NA,3.906016402
2019,4,05/12/19 16:00,Internacional,Cruzeiro,3,1,4,25,20,21,20,236,244,1.093637634
2019,4,05/12/19 16:00,Santos,Vasco,3,0,3,24,19,19,23,265,255,3.188877326
2019,5,05/18/19 19:00,Atletico-MG,Flamengo,2,1,3,25,34,20,16,265,293,1.187688233
2019,5,05/18/19 18:00,Fluminense,Cruzeiro,4,1,5,16,21,27,23,266,239,2.521272406
2019,5,05/18/19 19:00,Palmeiras,Santos,4,0,4,39,27,11,19,269,281,5.018427299
2019,5,05/19/19 16:00,Athletico-PR,Corinthians,0,2,2,NA,NA,NA,NA,289,214,1.536729901
2019,5,05/19/19 19:00,Ceara,Gremio,2,1,3,25,25,19,24,274,272,2.091499372
2019,5,05/19/19 16:00,Chapecoense,Fortaleza,1,3,4,16,18,22,37,NA,NA,1.555342162
2019,5,05/19/19 16:00,Goias,Botafogo,1,0,1,24,23,35,19,248,238,4.480867509
2019,5,05/19/19 16:00,Internacional,CSA,2,0,2,NA,NA,NA,NA,NA,NA,4.628308555
2019,5,05/19/19 11:00,Sao Paulo,Bahia,0,0,0,17,23,18,19,232,279,3.025548115
2019,5,05/19/19 19:00,Vasco,Avai,1,1,2,18,18,24,26,262,244,0.516037559
2019,6,05/25/19 16:00,Botafogo,Palmeiras,0,1,1,22,41,19,11,228,276,5.598618211
2019,6,05/26/19 19:00,Bahia,Fluminense,3,2,5,21,20,19,28,283,273,1.643027002
2019,6,05/26/19 19:00,Corinthians,Sao Paulo,1,0,1,15,17,19,17,207,227,2.574932553
2019,6,05/26/19 19:00,Cruzeiro,Chapecoense,1,2,3,21,17,26,23,235,257,1.443628837
2019,6,05/26/19 16:00,Flamengo,Athletico-PR,3,2,5,NA,NA,NA,NA,306,296,6.328778653
2019,6,05/26/19 19:00,Fortaleza,Vasco,1,1,2,20,19,37,24,NA,NA,0.608272465
2019,6,05/26/19 16:00,Gremio,Atletico-MG,1,0,1,26,26,26,21,281,266,2.650241016
2019,6,05/26/19 16:00,Santos,Internacional,0,0,0,25,28,23,21,289,245,0.769747895
2019,6,05/27/19 20:00,Avai,Ceara,1,2,3,18,25,27,19,251,263,1.390583345
2019,6,05/27/19 20:00,CSA,Goias,1,0,1,NA,NA,NA,NA,NA,NA,0.590144022
2019,7,06/01/19 19:00,Bahia,Gremio,1,0,1,24,27,20,25,283,292,0.539420399
2019,7,06/01/19 16:00,Flamengo,Fortaleza,2,0,2,35,18,18,34,NA,NA,5.190685669
2019,7,06/02/19 16:00,Athletico-PR,Fluminense,3,0,3,NA,NA,NA,NA,294,270,1.175970566
2019,7,06/02/19 19:00,Atletico-MG,CSA,4,0,4,NA,NA,NA,NA,NA,NA,4.656971819
2019,7,06/02/19 11:00,Botafogo,Vasco,1,0,1,22,19,19,24,223,257,2.953870626
2019,7,06/02/19 16:00,Ceara,Santos,0,1,1,27,25,20,23,261,287,1.809611423
2019,7,06/02/19 19:00,Chapecoense,Palmeiras,1,2,3,17,41,23,11,251,280,8.188496902
2019,7,06/02/19 19:00,Internacional,Avai,2,0,2,27,18,21,28,250,255,5.404411177
2019,7,06/02/19 16:00,Sao Paulo,Cruzeiro,1,1,2,16,22,18,28,224,243,2.846413996
2019,8,06/07/19 20:30,Vasco,Internacional,2,1,3,17,28,24,19,NA,NA,4.825555013
2019,8,06/08/19 21:00,Avai,Sao Paulo,0,0,0,17,17,29,19,257,231,4.657702108
2019,8,06/08/19 19:30,Ceara,Bahia,0,0,0,25,24,21,19,257,288,1.474699019
2019,8,06/08/19 19:00,Cruzeiro,Corinthians,0,0,0,23,16,29,18,NA,NA,0.929077294
2019,8,06/08/19 19:00,Gremio,Fortaleza,1,0,1,25,18,26,34,NA,NA,2.305289772
2019,8,06/08/19 16:30,Palmeiras,Athletico-PR,1,0,1,NA,NA,NA,NA,287,295,10.19009531
2019,8,06/09/19 19:00,CSA,Botafogo,1,2,3,NA,NA,NA,NA,NA,NA,3.546217077
2019,8,06/09/19 19:00,Fluminense,Flamengo,0,0,0,20,36,31,17,268,301,5.942882224
2019,8,06/09/19 19:00,Santos,Atletico-MG,3,1,4,25,27,21,21,286,282,0.557814149
2019,8,06/10/19 20:00,Goias,Chapecoense,3,1,4,23,16,34,24,254,258,1.209161422
2019,9,06/12/19 19:15,Botafogo,Gremio,0,1,1,20,23,17,24,219,270,1.021657207
2019,9,06/12/19 21:30,CSA,Flamengo,0,2,2,NA,NA,NA,NA,NA,NA,6.246036709
2019,9,06/12/19 21:00,Fortaleza,Cruzeiro,2,1,3,15,21,34,28,NA,NA,1.379701577
2019,9,06/12/19 21:30,Internacional,Bahia,3,1,4,28,23,20,17,261,282,1.372344704
2019,9,06/12/19 21:30,Santos,Corinthians,1,0,1,27,14,21,17,297,218,2.04521644
2019,9,06/13/19 20:00,Atletico-MG,Sao Paulo,1,1,2,27,16,22,18,279,231,0.685374449
2019,9,06/13/19 20:00,Chapecoense,Fluminense,1,1,2,16,18,25,30,260,277,0.631734972
2019,9,06/13/19 20:00,Goias,Athletico-PR,2,1,3,NA,NA,NA,NA,262,292,0.811555011
2019,9,06/13/19 20:00,Palmeiras,Avai,2,0,2,42,17,11,27,299,260,10.50475951
2019,9,06/13/19 19:15,Vasco,Ceara,1,0,1,18,23,24,18,261,273,0.597553844
2019,10,07/13/19 19:00,Bahia,Santos,0,1,1,24,27,20,21,NA,NA,2.316237399
2019,10,07/13/19 17:00,Fortaleza,Avai,2,0,2,16,16,34,27,NA,NA,1.262091355
2019,10,07/13/19 17:00,Gremio,Vasco,2,1,3,23,18,24,23,NA,NA,2.553325793
2019,10,07/13/19 19:00,Sao Paulo,Palmeiras,1,1,2,15,41,17,10,NA,NA,5.882337428
2019,10,07/14/19 17:00,Athletico-PR,Internacional,1,0,1,NA,NA,NA,NA,300,262,5.349080442
2019,10,07/14/19 19:00,Chapecoense,Atletico-MG,1,2,3,16,23,23,21,266,277,3.784447861
2019,10,07/14/19 16:00,Corinthians,CSA,1,0,1,NA,NA,NA,NA,NA,NA,3.359100873
2019,10,07/14/19 16:00,Cruzeiro,Botafogo,0,0,0,21,18,27,16,272,217,2.094087478
2019,10,07/14/19 16:00,Flamengo,Goias,6,1,7,36,26,16,32,318,267,5.377382046
2019,10,07/15/19 20:00,Fluminense,Ceara,1,1,2,19,20,30,18,NA,NA,0.664757233
2019,11,07/20/19 17:00,Bahia,Cruzeiro,0,0,0,22,21,19,25,NA,NA,1.050896526
2019,11,07/20/19 19:00,Ceara,Palmeiras,2,0,2,21,40,19,11,NA,NA,8.662219481
2019,11,07/20/19 19:00,CSA,Athletico-PR,0,4,4,NA,NA,NA,NA,NA,NA,0.996648221
2019,11,07/20/19 19:00,Internacional,Gremio,1,1,2,28,23,19,23,NA,NA,0.14455084
2019,11,07/20/19 11:00,Vasco,Fluminense,2,1,3,18,16,24,31,NA,NA,0.710963494
2019,11,07/21/19 16:00,Atletico-MG,Fortaleza,2,2,4,25,18,21,32,NA,NA,3.894219666
2019,11,07/21/19 19:00,Avai,Goias,0,0,0,16,24,28,38,258,260,1.535645364
2019,11,07/21/19 11:00,Botafogo,Santos,0,1,1,17,27,15,21,207,307,2.247684821
2019,11,07/21/19 16:00,Corinthians,Flamengo,1,1,2,14,39,17,17,220,335,3.545708163
2019,11,07/22/19 20:00,Sao Paulo,Chapecoense,4,0,4,16,16,16,25,NA,NA,4.114668576
2019,12,07/27/19 19:00,Cruzeiro,Athletico-PR,0,2,2,NA,NA,NA,NA,NA,NA,0.70877315
2019,12,07/27/19 19:00,Fluminense,Sao Paulo,1,2,3,17,19,30,13,NA,NA,4.504845433
2019,12,07/27/19 19:00,Internacional,Ceara,1,0,1,26,22,19,17,NA,NA,1.878450259
2019,12,07/27/19 17:00,Palmeiras,Vasco,1,1,2,38,18,13,25,NA,NA,7.714961916
2019,12,07/28/19 11:00,Chapecoense,Bahia,0,0,0,16,20,28,19,259,283,2.024673939
2019,12,07/28/19 16:00,Flamengo,Botafogo,3,2,5,37,17,18,16,325,208,3.431828201
2019,12,07/28/19 19:00,Fortaleza,Corinthians,1,3,4,20,15,34,15,NA,NA,1.48568798
2019,12,07/28/19 19:00,Goias,Atletico-MG,0,0,0,24,27,36,23,252,281,3.806661341
2019,12,07/28/19 16:00,Santos,Avai,3,1,4,27,15,21,27,308,256,7.1465185
2019,12,07/29/19 20:00,CSA,Gremio,0,0,0,NA,NA,NA,NA,NA,NA,5.785288479
2019,13,08/03/19 19:00,Ceara,Fortaleza,2,1,3,20,18,18,33,NA,NA,1.148840392
2019,13,08/03/19 19:00,Fluminense,Internacional,2,1,3,17,25,32,17,NA,NA,4.629005917
2019,13,08/04/19 19:00,Atletico-MG,Cruzeiro,2,0,2,27,18,22,25,280,256,3.859295571
2019,13,08/04/19 16:00,Avai,Botafogo,0,2,2,14,19,29,18,256,211,3.724132196
2019,13,08/04/19 16:00,Bahia,Flamengo,3,0,3,19,36,19,20,290,329,4.382743898
2019,13,08/04/19 19:00,Corinthians,Palmeiras,1,1,2,18,37,15,13,231,315,5.128870726
2019,13,08/04/19 11:00,Santos,Goias,6,1,7,28,22,20,33,318,255,5.494535287
2019,13,08/04/19 19:00,Vasco,CSA,0,0,0,NA,NA,NA,NA,NA,NA,3.18816857
2019,13,08/05/19 20:00,Gremio,Chapecoense,3,3,6,23,16,21,25,NA,NA,4.040461929
2019,7,08/07/19 19:15,Corinthians,Goias,2,0,2,17,23,14,36,NA,NA,2.91371969
2019,14,08/10/19 21:00,Atletico-MG,Fluminense,2,1,3,28,19,20,30,NA,NA,4.538526253
2019,14,08/10/19 17:00,Ceara,Chapecoense,4,1,5,20,18,18,28,NA,NA,1.812087143
2019,14,08/10/19 19:00,Flamengo,Gremio,3,1,4,35,23,22,20,NA,NA,2.176900671
2019,14,08/10/19 17:00,Sao Paulo,Santos,3,2,5,21,31,14,21,NA,NA,1.526717924
2019,14,08/11/19 16:00,Avai,Cruzeiro,2,2,4,12,15,29,26,265,257,2.016981111
2019,14,08/11/19 16:00,Botafogo,Athletico-PR,2,1,3,NA,NA,NA,NA,211,305,1.693382209
2019,14,08/11/19 20:00,CSA,Fortaleza,0,2,2,NA,NA,NA,NA,NA,NA,1.571172586
2019,14,08/11/19 19:00,Goias,Vasco,0,1,1,22,17,35,23,265,256,0.969360458
2019,14,08/11/19 11:00,Internacional,Corinthians,0,0,0,25,17,18,13,264,226,0.19465943
2019,14,08/11/19 16:00,Palmeiras,Bahia,2,2,4,37,21,13,17,315,289,5.731324032
2019,15,08/17/19 19:00,Athletico-PR,Atletico-MG,1,0,1,NA,NA,NA,NA,NA,NA,3.616175246
2019,15,08/17/19 17:00,Corinthians,Botafogo,2,0,2,17,21,12,17,NA,NA,0.522055883
2019,15,08/17/19 17:00,Fortaleza,Internacional,0,1,1,20,23,31,17,NA,NA,2.407452808
2019,15,08/17/19 21:00,Gremio,Palmeiras,1,1,2,23,36,23,13,NA,NA,4.673425516
2019,15,08/17/19 19:00,Vasco,Flamengo,1,4,5,17,36,23,21,NA,NA,4.07643892
2019,15,08/18/19 16:00,Bahia,Goias,1,1,2,22,22,19,35,281,267,3.292027135
2019,15,08/18/19 19:00,Chapecoense,Avai,1,0,1,19,14,31,27,274,271,1.629768335
2019,15,08/18/19 16:00,Cruzeiro,Santos,2,0,2,15,31,27,21,261,321,5.491696576
2019,15,08/18/19 16:00,Fluminense,CSA,0,1,1,NA,NA,NA,NA,NA,NA,1.820584516
2019,15,08/18/19 16:00,Sao Paulo,Ceara,1,0,1,23,24,16,18,244,241,2.938661257
2019,13,08/21/19 19:15,Athletico-PR,Sao Paulo,0,1,1,NA,NA,NA,NA,NA,NA,3.752041155
2019,16,08/24/19 11:00,Atletico-MG,Bahia,0,1,1,29,21,20,18,NA,NA,1.50971498
2019,16,08/24/19 17:00,Gremio,Athletico-PR,2,1,3,NA,NA,NA,NA,NA,NA,2.191540662
2019,16,08/25/19 19:00,Avai,Corinthians,1,1,2,13,18,26,11,254,228,6.15902157
2019,16,08/25/19 19:00,Ceara,Flamengo,0,3,3,23,39,18,20,230,322,4.403719194
2019,16,08/25/19 19:00,CSA,Cruzeiro,1,1,2,NA,NA,NA,NA,NA,NA,2.28153569
2019,16,08/25/19 16:00,Goias,Internacional,2,1,3,21,23,35,16,264,261,3.850742272
2019,16,08/25/19 16:00,Santos,Fortaleza,3,3,6,31,20,22,29,NA,NA,4.801733307
2019,16,08/25/19 16:00,Vasco,Sao Paulo,2,0,2,17,22,25,13,263,246,4.43864059
2019,16,08/26/19 20:00,Botafogo,Chapecoense,0,0,0,19,19,18,31,NA,NA,2.817986733
2019,17,08/31/19 19:00,Athletico-PR,Ceara,1,0,1,NA,NA,NA,NA,NA,NA,0.634539523
2019,17,08/31/19 17:00,Bahia,CSA,1,0,1,NA,NA,NA,NA,NA,NA,4.64135695
2019,17,08/31/19 19:00,Chapecoense,Santos,0,1,1,19,34,30,24,NA,NA,4.381716864
2019,17,08/31/19 21:00,Internacional,Botafogo,3,2,5,22,18,18,18,NA,NA,0.631320672
2019,17,08/31/19 11:00,Sao Paulo,Gremio,0,0,0,21,23,14,23,NA,NA,1.601566768
2019,17,09/01/19 19:00,Corinthians,Atletico-MG,1,0,1,19,28,11,21,222,296,0.544181529
2019,17,09/01/19 19:00,Cruzeiro,Vasco,1,0,1,17,18,26,24,270,266,0.913602446
2019,17,09/01/19 16:00,Flamengo,Palmeiras,3,0,3,41,36,20,13,312,326,0.944929681
2019,17,09/01/19 16:00,Fortaleza,Goias,2,0,2,23,22,29,32,NA,NA,0.184070956
2019,17,09/02/19 20:00,Fluminense,Avai,0,1,1,20,14,32,26,NA,NA,0.949982898
2019,18,09/07/19 17:00,Avai,Flamengo,0,3,3,13,43,24,20,NA,NA,8.441814402
2019,18,09/07/19 11:00,Corinthians,Ceara,2,2,4,19,22,11,20,NA,NA,3.079266396
2019,18,09/07/19 17:00,Fortaleza,Fluminense,0,1,1,25,20,26,30,NA,NA,2.675557098
2019,18,09/07/19 21:00,Goias,Palmeiras,1,2,3,21,33,31,16,NA,NA,7.240490278
2019,18,09/07/19 19:00,Internacional,Sao Paulo,1,0,1,25,20,19,14,NA,NA,1.358470505
2019,18,09/07/19 11:00,Vasco,Bahia,0,2,2,18,21,24,16,NA,NA,1.892700358
2019,18,09/08/19 16:00,Botafogo,Atletico-MG,2,1,3,19,27,21,22,211,295,0.768721819
2019,18,09/08/19 11:00,Cruzeiro,Gremio,1,4,5,18,21,25,23,274,269,2.330581041
2019,18,09/08/19 19:00,CSA,Chapecoense,2,0,2,NA,NA,NA,NA,NA,NA,1.393622111
2019,18,09/08/19 16:00,Santos,Athletico-PR,1,1,2,NA,NA,NA,NA,316,303,3.925569836
2019,16,09/10/19 21:00,Palmeiras,Fluminense,3,0,3,34,21,16,30,NA,NA,8.50469259
2019,19,09/14/19 21:00,Ceara,Botafogo,0,0,0,23,20,22,21,NA,NA,1.225326764
2019,19,09/14/19 19:00,Chapecoense,Vasco,1,2,3,17,16,30,26,NA,NA,1.478431971
2019,19,09/14/19 17:00,Flamengo,Santos,1,0,1,44,34,20,22,NA,NA,2.6672608
2019,19,09/14/19 19:00,Palmeiras,Cruzeiro,1,0,1,33,16,16,29,NA,NA,6.855111395
2019,19,09/15/19 11:00,Athletico-PR,Avai,0,1,1,NA,NA,NA,NA,301,256,3.000318018
2019,19,09/15/19 11:00,Atletico-MG,Internacional,1,3,4,26,25,23,17,301,269,1.248219642
2019,19,09/15/19 16:00,Bahia,Fortaleza,1,1,2,21,24,16,27,NA,NA,3.874680982
2019,19,09/15/19 16:00,Fluminense,Corinthians,1,0,1,21,21,31,12,323,227,4.863586362
2019,19,09/15/19 16:00,Gremio,Goias,3,0,3,25,20,22,31,265,252,4.520431071
2019,19,09/15/19 19:00,Sao Paulo,CSA,1,1,2,NA,NA,NA,NA,NA,NA,5.483970691
2019,20,09/21/19 11:00,Botafogo,Sao Paulo,1,2,3,18,21,20,14,NA,NA,1.336973079
2019,20,09/21/19 19:00,Corinthians,Bahia,2,1,3,21,22,13,16,NA,NA,0.461372142
2019,20,09/21/19 17:00,Cruzeiro,Flamengo,1,2,3,16,43,28,20,NA,NA,6.959850704
2019,20,09/21/19 21:00,Santos,Gremio,0,3,3,31,28,21,22,NA,NA,0.091608958
2019,20,09/22/19 16:00,CSA,Ceara,1,0,1,NA,NA,NA,NA,NA,NA,1.968493487
2019,20,09/22/19 16:00,Fortaleza,Palmeiras,0,1,1,23,33,26,16,NA,NA,7.239838892
2019,20,09/22/19 19:00,Goias,Fluminense,3,0,3,17,22,33,29,250,325,0.018569043
2019,20,09/22/19 11:00,Internacional,Chapecoense,1,0,1,26,18,18,32,262,267,5.690109368
2019,20,09/22/19 16:00,Vasco,Athletico-PR,1,1,2,NA,NA,NA,NA,281,300,0.785289
2019,20,09/23/19 20:00,Avai,Atletico-MG,1,0,1,11,25,26,23,NA,NA,2.658264956
2019,21,09/25/19 21:30,Bahia,Botafogo,2,0,2,23,19,18,21,257,199,1.241276255
2019,21,09/25/19 19:30,Ceara,Cruzeiro,0,0,0,21,17,21,30,250,255,0.432418227
2019,21,09/25/19 21:30,Flamengo,Internacional,3,1,4,44,26,19,17,302,268,3.286846687
2019,21,09/25/19 21:30,Sao Paulo,Goias,0,1,1,23,20,14,32,269,255,4.655833106
2019,21,09/26/19 21:30,Athletico-PR,Fortaleza,4,1,5,26,22,20,27,NA,NA,0.693008712
2019,21,09/26/19 20:00,Fluminense,Santos,1,1,2,21,30,32,22,NA,NA,4.589745507
2019,21,09/26/19 20:00,Gremio,Avai,6,1,7,30,11,22,25,NA,NA,5.416704065
2019,21,09/26/19 19:15,Palmeiras,CSA,6,2,8,31,9,14,25,NA,NA,8.257064933
2019,22,09/28/19 19:00,Flamengo,Sao Paulo,3,1,4,44,21,19,15,NA,NA,4.364372869
2019,22,09/29/19 19:00,Athletico-PR,Chapecoense,1,1,2,26,17,20,33,299,267,2.520024378
2019,22,09/29/19 19:00,Atletico-MG,Ceara,2,1,3,24,17,24,21,314,253,0.835210143
2019,22,09/29/19 11:00,Corinthians,Vasco,1,0,1,23,19,13,27,242,295,2.31744437
2019,22,09/29/19 16:00,Fluminense,Gremio,2,1,3,22,35,32,21,320,255,6.021875106
2019,22,09/29/19 16:00,Internacional,Palmeiras,1,1,2,27,33,18,16,251,292,3.642542985
2019,22,09/29/19 16:00,Santos,CSA,2,0,2,29,11,22,27,320,213,4.055046993
2019,22,09/30/19 20:00,Avai,Bahia,0,2,2,11,22,29,16,NA,NA,4.004105565
2019,22,09/30/19 20:00,Fortaleza,Botafogo,1,0,1,23,19,27,21,NA,NA,1.918276424
2019,22,09/30/19 20:00,Goias,Cruzeiro,1,0,1,20,16,32,27,NA,NA,0.241540799
2019,21,10/02/19 19:15,Atletico-MG,Vasco,1,2,3,24,18,24,24,NA,NA,0.715603888
2019,21,10/02/19 19:15,Chapecoense,Corinthians,0,1,1,16,22,34,10,NA,NA,4.829552559
2019,23,10/05/19 19:00,Bahia,Athletico-PR,1,2,3,22,26,13,19,NA,NA,3.177423444
2019,23,10/05/19 21:00,Cruzeiro,Internacional,1,1,2,15,26,28,18,NA,NA,4.207486576
2019,23,10/05/19 19:00,Gremio,Corinthians,0,0,0,35,22,22,10,NA,NA,0.445387357
2019,23,10/05/19 17:00,Sao Paulo,Fortaleza,2,1,3,20,22,17,26,NA,NA,3.283190017
2019,23,10/05/19 17:00,Vasco,Santos,0,1,1,19,29,23,21,NA,NA,2.146811004
2019,23,10/06/19 16:00,Botafogo,Fluminense,0,1,1,16,23,20,31,188,322,1.383934338
2019,23,10/06/19 16:00,Ceara,Goias,0,1,1,18,20,22,30,247,245,0.799078547
2019,23,10/06/19 11:00,Chapecoense,Flamengo,0,1,1,16,46,34,18,264,312,9.710388803
2019,23,10/06/19 19:00,CSA,Avai,3,1,4,10,10,28,30,216,257,0.331077302
2019,23,10/06/19 16:00,Palmeiras,Atletico-MG,1,1,2,33,23,16,25,291,325,6.97195466
2019,24,10/09/19 21:00,Bahia,Sao Paulo,0,0,0,22,21,15,17,242,266,0.46935202
2019,24,10/09/19 19:15,Botafogo,Goias,3,1,4,15,20,21,28,190,241,1.141406231
2019,24,10/09/19 21:30,Cruzeiro,Fluminense,0,0,0,14,19,28,27,263,317,0.380223754
2019,24,10/09/19 19:15,CSA,Internacional,1,0,1,13,27,29,18,221,254,4.567821247
2019,24,10/09/19 20:30,Fortaleza,Chapecoense,2,0,2,23,15,27,34,229,259,1.707058302
2019,24,10/09/19 21:00,Gremio,Ceara,2,1,3,31,17,17,21,271,261,4.753563126
2019,24,10/09/19 21:30,Santos,Palmeiras,2,0,2,30,33,21,17,301,297,3.179775661
2019,24,10/10/19 19:15,Avai,Vasco,0,0,0,11,18,32,23,NA,NA,2.401288379
2019,24,10/10/19 19:15,Corinthians,Athletico-PR,2,2,4,21,27,9,19,NA,NA,2.650410763
2019,24,10/10/19 20:00,Flamengo,Atletico-MG,3,1,4,46,22,17,25,NA,NA,7.009760363
2019,25,10/12/19 19:00,Fluminense,Bahia,2,0,2,19,22,26,14,NA,NA,2.325105448
2019,25,10/12/19 17:00,Goias,CSA,1,0,1,19,14,30,29,NA,NA,0.914847779
2019,25,10/12/19 21:00,Palmeiras,Botafogo,1,0,1,31,17,19,22,NA,NA,6.004773335
2019,25,10/13/19 16:00,Athletico-PR,Flamengo,0,2,2,28,47,21,17,312,327,6.53985038
2019,25,10/13/19 19:00,Atletico-MG,Gremio,1,4,5,23,33,26,18,320,274,3.245842641
2019,25,10/13/19 16:00,Ceara,Avai,1,0,1,17,11,21,32,258,260,0.810544103
2019,25,10/13/19 19:00,Chapecoense,Cruzeiro,1,1,2,14,13,34,25,255,266,2.040149999
2019,25,10/13/19 16:00,Internacional,Santos,0,0,0,24,29,18,21,252,293,1.200100314
2019,25,10/13/19 18:00,Sao Paulo,Corinthians,1,0,1,20,23,17,11,266,242,0.187363725
2019,25,10/13/19 16:00,Vasco,Fortaleza,1,0,1,18,25,20,26,289,227,0.831849593
2019,26,10/16/19 21:00,Cruzeiro,Sao Paulo,1,0,1,13,21,22,17,280,272,4.039340965
2019,26,10/16/19 19:15,CSA,Atletico-MG,2,2,4,14,22,28,29,227,331,0.707429537
2019,26,10/16/19 20:00,Fortaleza,Flamengo,1,2,3,22,48,26,15,222,312,8.806839493
2019,26,10/16/19 21:30,Goias,Corinthians,2,2,4,19,21,30,12,242,241,2.153868666
2019,26,10/16/19 19:15,Gremio,Bahia,0,1,1,36,22,17,16,271,243,2.479837139
2019,26,10/16/19 21:00,Palmeiras,Chapecoense,1,0,1,28,14,19,32,298,258,9.090466973
2019,26,10/16/19 21:30,Vasco,Botafogo,2,1,3,18,17,19,22,294,193,0.580471199
2019,26,10/17/19 19:15,Avai,Internacional,0,2,2,10,22,32,18,NA,NA,5.233265654
2019,26,10/17/19 21:00,Fluminense,Athletico-PR,1,2,3,17,28,25,21,NA,NA,0.341973299
2019,26,10/17/19 19:15,Santos,Ceara,2,1,3,29,16,17,20,NA,NA,5.239697514
2019,27,10/19/19 19:00,Corinthians,Cruzeiro,1,2,3,22,13,14,20,NA,NA,3.028667014
2019,27,10/19/19 17:00,Fortaleza,Gremio,2,1,3,22,35,27,18,NA,NA,4.468936757
2019,27,10/20/19 19:00,Athletico-PR,Palmeiras,1,1,2,28,28,19,19,303,311,4.882745802
2019,27,10/20/19 16:00,Atletico-MG,Santos,2,0,2,24,31,30,18,343,296,4.274264353
2019,27,10/20/19 19:00,Chapecoense,Goias,2,2,4,12,21,32,31,255,247,3.545643992
2019,27,10/20/19 18:00,Flamengo,Fluminense,2,0,2,47,16,14,24,312,297,8.413199338
2019,27,10/20/19 16:00,Internacional,Vasco,0,1,1,24,19,18,19,262,296,2.28354402
2019,27,10/20/19 16:00,Sao Paulo,Avai,1,0,1,21,9,17,32,271,259,5.655397822
2019,27,10/21/19 19:30,Bahia,Ceara,1,2,3,20,15,14,21,NA,NA,3.711493428
2019,27,10/21/19 20:00,Botafogo,CSA,2,1,3,18,15,23,30,NA,NA,0.64280979
2019,28,10/26/19 19:00,Bahia,Internacional,2,3,5,20,22,16,19,NA,NA,0.718624526
2019,28,10/26/19 17:00,Ceara,Vasco,1,1,2,17,20,21,18,NA,NA,2.041006068
2019,28,10/26/19 17:00,Corinthians,Santos,0,0,0,23,30,16,20,NA,NA,1.586081605
2019,28,10/26/19 22:00,Cruzeiro,Fortaleza,1,1,2,14,24,20,26,NA,NA,1.108775657
2019,28,10/26/19 19:30,Fluminense,Chapecoense,1,1,2,16,13,23,32,NA,NA,2.579872869
2019,28,10/27/19 16:00,Athletico-PR,Goias,4,1,5,26,20,20,32,301,257,0.916556422
2019,28,10/27/19 18:00,Avai,Palmeiras,1,2,3,9,27,31,19,251,305,9.187287198
2019,28,10/27/19 19:00,Flamengo,CSA,1,0,1,47,16,14,28,307,218,9.501574454
2019,28,10/27/19 16:00,Gremio,Botafogo,3,0,3,36,19,19,24,271,204,2.843441965
2019,28,10/27/19 16:00,Sao Paulo,Atletico-MG,2,0,2,21,22,16,30,280,325,2.239777319
2019,29,10/30/19 19:30,Atletico-MG,Chapecoense,0,2,2,21,13,29,30,322,250,3.000379248
2019,29,10/30/19 19:30,Avai,Fortaleza,1,3,4,10,25,33,26,251,218,2.960866917
2019,29,10/30/19 21:30,Ceara,Fluminense,2,0,2,18,17,22,24,273,306,0.15327429
2019,29,10/30/19 21:30,CSA,Corinthians,2,1,3,15,23,27,15,204,248,3.297808996
2019,29,10/30/19 19:30,Palmeiras,Sao Paulo,3,0,3,28,23,20,16,300,284,3.232582553
2019,29,10/30/19 21:30,Vasco,Gremio,1,3,4,19,38,18,19,285,280,1.355939488
2019,29,10/31/19 21:30,Botafogo,Cruzeiro,0,2,2,17,15,26,21,NA,NA,0.657745473
2019,29,10/31/19 20:00,Goias,Flamengo,2,2,4,19,48,35,14,NA,NA,8.029120896
2019,29,10/31/19 21:30,Internacional,Athletico-PR,1,1,2,24,30,19,20,NA,NA,1.197867714
2019,29,10/31/19 19:15,Santos,Bahia,1,0,1,27,22,19,19,NA,NA,2.692241121
2019,30,11/02/19 21:00,Chapecoense,Sao Paulo,0,3,3,14,22,29,18,NA,NA,4.656146965
2019,30,11/02/19 19:00,Fluminense,Vasco,0,0,0,16,19,25,21,NA,NA,2.010028062
2019,30,11/02/19 17:00,Fortaleza,Atletico-MG,2,2,4,26,20,26,30,NA,NA,0.796442352
2019,30,11/02/19 19:00,Palmeiras,Ceara,1,0,1,29,20,20,21,NA,NA,6.665703656
2019,30,11/03/19 18:00,Athletico-PR,CSA,1,0,1,30,17,19,26,310,204,2.837845948
2019,30,11/03/19 19:00,Cruzeiro,Bahia,1,1,2,16,21,19,17,263,232,0.284272593
2019,30,11/03/19 16:00,Flamengo,Corinthians,4,1,5,48,23,16,17,302,258,6.566377167
2019,30,11/03/19 19:30,Goias,Avai,2,0,2,20,11,31,34,248,254,4.291244054
2019,30,11/03/19 18:00,Gremio,Internacional,2,0,2,40,22,20,19,275,268,0.919229582
2019,30,11/03/19 19:00,Santos,Botafogo,4,1,5,27,17,19,27,290,213,4.880099176
2019,31,11/06/19 21:30,Athletico-PR,Cruzeiro,0,0,0,30,17,19,20,320,273,1.317424733
2019,31,11/06/19 20:00,Atletico-MG,Goias,2,0,2,20,22,31,31,317,264,0.989221928
2019,31,11/06/19 21:00,Avai,Santos,1,2,3,11,30,34,20,251,296,8.036080506
2019,31,11/06/19 21:30,Bahia,Chapecoense,1,1,2,22,13,17,30,233,257,3.191574719
2019,31,11/06/19 19:30,Corinthians,Fortaleza,3,2,5,23,26,20,28,238,222,1.262383567
2019,31,11/06/19 21:30,Vasco,Palmeiras,1,2,3,18,29,19,19,285,299,5.567009977
2019,31,11/07/19 20:00,Botafogo,Flamengo,0,1,1,18,46,31,16,NA,NA,9.23309083
2019,31,11/07/19 19:30,Ceara,Internacional,2,0,2,19,22,21,20,NA,NA,2.661960822
2019,31,11/07/19 21:00,Gremio,CSA,2,1,3,40,17,19,26,NA,NA,5.030285911
2019,31,11/07/19 19:30,Sao Paulo,Fluminense,0,2,2,24,15,17,24,NA,NA,4.383778873
2019,32,11/09/19 17:00,Goias,Santos,0,3,3,22,31,33,21,NA,NA,4.062539441
2019,32,11/09/19 19:00,Palmeiras,Corinthians,1,1,2,31,23,18,21,NA,NA,5.39782225
2019,32,11/10/19 19:00,Chapecoense,Gremio,0,1,1,14,41,27,19,256,294,6.04076682
2019,32,11/10/19 16:00,Cruzeiro,Atletico-MG,0,0,0,17,20,20,29,272,333,1.02576149
2019,32,11/10/19 19:00,CSA,Vasco,0,3,3,18,17,24,20,206,277,1.887524478
2019,32,11/10/19 18:00,Flamengo,Bahia,3,1,4,46,23,15,18,300,244,7.633842529
2019,32,11/10/19 19:00,Fortaleza,Ceara,1,0,1,26,19,29,21,223,279,0.516979988
2019,32,11/10/19 16:00,Internacional,Fluminense,2,1,3,21,16,21,22,266,314,2.033111179
2019,32,11/10/19 16:00,Sao Paulo,Athletico-PR,0,1,1,20,26,19,19,289,330,0.416500124
2019,32,11/11/19 20:00,Botafogo,Avai,2,0,2,18,12,31,36,NA,NA,2.894214989
2019,34,11/13/19 21:30,Flamengo,Vasco,4,4,8,46,19,14,19,NA,NA,7.05437354
2019,33,11/16/19 19:00,Fluminense,Atletico-MG,1,1,2,16,20,22,29,NA,NA,0.678991845
2019,33,11/16/19 17:00,Santos,Sao Paulo,1,1,2,31,18,20,19,NA,NA,3.072244181
2019,33,11/17/19 18:00,Athletico-PR,Botafogo,1,0,1,25,18,19,28,315,220,3.762722196
2019,33,11/17/19 16:00,Bahia,Palmeiras,1,1,2,24,31,21,18,237,304,6.040540474
2019,33,11/17/19 18:00,Chapecoense,Ceara,1,0,1,14,19,28,21,257,285,2.18832637
2019,33,11/17/19 18:00,Corinthians,Internacional,0,0,0,23,22,21,22,232,270,0.179346467
2019,33,11/17/19 19:00,Fortaleza,CSA,3,0,3,26,18,26,27,218,216,1.94279313
2019,33,11/17/19 16:00,Gremio,Flamengo,0,1,1,42,50,19,15,286,306,3.517805137
2019,33,11/18/19 20:00,Cruzeiro,Avai,0,0,0,17,11,18,35,NA,NA,5.346071961
2019,33,11/18/19 19:30,Vasco,Goias,1,1,2,23,21,23,30,NA,NA,1.987157316
2019,34,11/23/19 21:00,Santos,Cruzeiro,4,1,5,26,17,20,16,NA,NA,3.946145413
2019,34,11/24/19 16:00,Atletico-MG,Athletico-PR,0,1,1,19,25,30,17,337,321,2.397577495
2019,34,11/24/19 19:00,Avai,Chapecoense,0,1,1,11,12,33,25,235,260,2.273378706
2019,34,11/24/19 18:00,Botafogo,Corinthians,1,0,1,16,21,29,21,219,237,3.078341577
2019,34,11/24/19 19:00,Ceara,Sao Paulo,1,1,2,17,16,21,18,289,302,2.524215697
2019,34,11/24/19 16:00,Goias,Bahia,4,3,7,22,22,29,22,254,242,0.731572473
2019,34,11/24/19 19:00,Internacional,Fortaleza,2,2,4,21,28,20,24,268,222,1.8897181
2019,34,11/24/19 16:00,Palmeiras,Gremio,1,2,3,31,39,18,17,318,285,2.461638174
2019,34,11/25/19 20:00,CSA,Fluminense,0,1,1,18,15,30,22,NA,NA,1.568126805
2019,35,11/26/19 19:00,Athletico-PR,Gremio,2,0,2,25,40,17,15,NA,NA,1.389057248
2019,35,11/26/19 19:00,Bahia,Atletico-MG,1,1,2,23,17,24,30,NA,NA,0.462482839
2019,35,11/26/19 19:00,Chapecoense,Botafogo,0,1,1,12,15,21,28,NA,NA,0.487562192
2019,35,11/26/19 19:00,Corinthians,Avai,3,0,3,21,9,22,32,NA,NA,5.913724078
2019,35,11/26/19 19:00,Flamengo,Ceara,4,1,5,48,14,14,21,NA,NA,8.984798844
2019,35,11/26/19 19:00,Internacional,Goias,1,2,3,23,26,22,31,NA,NA,1.662238141
2019,35,11/27/19 19:00,Cruzeiro,CSA,0,1,1,16,18,18,29,277,214,2.994959763
2019,35,11/27/19 19:00,Fluminense,Palmeiras,2,1,3,15,30,20,18,305,318,5.584011774
2019,35,11/27/19 19:00,Fortaleza,Santos,2,1,3,28,28,26,18,222,299,3.997420926
2019,35,11/27/19 19:00,Sao Paulo,Vasco,1,0,1,16,23,19,24,288,267,0.557706444
2019,36,11/30/19 19:00,Botafogo,Internacional,0,1,1,16,23,26,24,NA,NA,1.425893179
2019,36,11/30/19 19:00,Ceara,Athletico-PR,1,1,2,15,27,24,16,NA,NA,4.43073959
2019,36,12/01/19 18:00,Atletico-MG,Corinthians,2,1,3,18,22,30,22,326,268,1.331000035
2019,36,12/01/19 16:00,Avai,Fluminense,1,1,2,9,17,34,20,239,285,5.464497952
2019,36,12/01/19 18:00,CSA,Bahia,1,2,3,18,23,29,24,214,247,2.029254659
2019,36,12/01/19 16:00,Goias,Fortaleza,1,2,3,27,30,31,26,250,218,0.094582045
2019,36,12/01/19 19:00,Gremio,Sao Paulo,3,0,3,39,16,16,19,276,291,1.971128521
2019,36,12/01/19 16:00,Palmeiras,Flamengo,1,3,4,30,48,19,14,313,305,3.485244439
2019,36,12/01/19 19:00,Santos,Chapecoense,2,0,2,29,11,18,22,309,274,6.000870519
2019,36,12/02/19 20:00,Vasco,Cruzeiro,1,0,1,22,14,21,19,NA,NA,1.625336679
2019,37,12/04/19 19:00,Athletico-PR,Santos,1,0,1,27,28,15,15,310,303,0.487094958
2019,37,12/04/19 19:30,Atletico-MG,Botafogo,2,0,2,20,16,30,27,319,208,1.217505815
2019,37,12/04/19 19:30,Ceara,Corinthians,0,1,1,16,22,22,23,294,273,1.548446001
2019,37,12/04/19 21:00,Chapecoense,CSA,3,0,3,11,18,24,30,263,209,0.386430755
2019,37,12/04/19 21:30,Fluminense,Fortaleza,0,0,0,18,29,20,24,280,220,1.294039321
2019,37,12/04/19 21:30,Sao Paulo,Internacional,2,1,3,16,23,20,22,298,307,0.187855032
2019,37,12/05/19 19:15,Bahia,Vasco,1,1,2,24,21,25,21,NA,NA,0.693635974
2019,37,12/05/19 20:00,Flamengo,Avai,6,1,7,48,9,15,34,NA,NA,13.62586148
2019,37,12/05/19 19:15,Gremio,Cruzeiro,2,0,2,40,13,15,19,NA,NA,5.288008153
2019,37,12/05/19 19:15,Palmeiras,Goias,5,1,6,31,26,19,32,NA,NA,4.036966657
2019,38,12/08/19 19:00,Avai,Athletico-PR,0,0,0,9,27,40,15,233,308,8.722534776
2019,38,12/08/19 19:00,Botafogo,Ceara,1,1,2,14,16,26,22,204,294,0.090784969
2019,38,12/08/19 19:00,Corinthians,Fluminense,1,2,3,22,17,23,20,278,267,1.112432879
2019,38,12/08/19 19:00,Cruzeiro,Palmeiras,0,2,2,12,34,21,19,280,320,5.535896632
2019,38,12/08/19 19:00,CSA,Sao Paulo,1,2,3,18,18,32,21,211,298,5.151920317
2019,38,12/08/19 19:00,Fortaleza,Bahia,2,1,3,27,24,24,26,222,258,1.374601503
2019,38,12/08/19 19:00,Goias,Gremio,3,2,5,27,42,35,15,265,284,4.436588795
2019,38,12/08/19 19:00,Internacional,Atletico-MG,2,1,3,21,22,22,29,302,335,0.761220219
2019,38,12/08/19 19:00,Santos,Flamengo,4,0,4,27,51,16,16,300,313,5.181559781
2019,38,12/08/19 19:00,Vasco,Chapecoense,1,1,2,22,14,21,23,252,274,3.231678272
2020,1,08/08/20 19:30,Coritiba,Internacional,0,1,1,23,22,26,23,221,309,1.179729185
2020,1,08/08/20 19:00,Fortaleza,Athletico-PR,0,2,2,29,26,24,14,212,315,1.56368067
2020,1,08/08/20 21:00,Sport Recife,Ceara,3,2,5,16,15,30,21,211,296,1.833624139
2020,1,08/09/20 16:00,Flamengo,Atletico-MG,0,1,1,48,22,20,29,309,327,7.857918667
2020,1,08/09/20 19:00,Gremio,Fluminense,1,0,1,40,19,17,18,287,268,2.926325067
2020,2,08/12/20 19:15,Athletico-PR,Goias,2,1,3,28,29,13,35,312,274,3.777183861
2020,2,08/12/20 20:30,Atletico-GO,Flamengo,3,0,3,23,47,25,21,229,314,7.457375304
2020,2,08/12/20 19:15,Atletico-MG,Corinthians,3,2,5,22,21,26,23,312,281,0.824330256
2020,2,08/12/20 20:30,Bahia,Coritiba,1,0,1,23,21,28,27,260,213,0.441589686
2020,2,08/12/20 21:30,Ceara,Gremio,1,1,2,17,38,24,17,284,280,5.663693992
2020,2,08/12/20 21:30,Fluminense,Palmeiras,1,1,2,18,33,19,19,266,310,4.130387812
2020,2,08/13/20 19:30,Internacional,Santos,2,0,2,20,31,22,15,305,303,1.370801068
2020,2,08/13/20 19:15,Sao Paulo,Fortaleza,1,0,1,20,28,21,25,302,213,1.363942807
2020,2,08/13/20 20:00,Vasco,Sport Recife,2,0,2,23,19,20,29,255,208,0.034474961
2020,3,08/15/20 19:30,Coritiba,Flamengo,0,1,1,21,45,27,23,216,310,6.619495177
2020,3,08/15/20 19:00,Gremio,Corinthians,0,0,0,36,23,18,25,282,276,3.707089702
2020,3,08/15/20 21:30,Palmeiras,Goias,1,1,2,33,30,20,34,306,275,4.353734821
2020,3,08/16/20 19:00,Atletico-GO,Sport Recife,1,1,2,25,19,22,29,229,206,0.01737936
2020,3,08/16/20 11:00,Atletico-MG,Ceara,2,0,2,25,18,27,24,323,272,3.156256864
2020,3,08/16/20 18:00,Fluminense,Internacional,2,1,3,19,21,17,22,268,316,2.194873502
2020,3,08/16/20 19:30,Fortaleza,Botafogo,0,0,0,28,14,25,27,213,214,2.109190932
2020,3,08/16/20 19:45,Santos,Athletico-PR,3,1,4,31,29,14,13,291,321,1.436100241
2020,3,08/16/20 16:00,Vasco,Sao Paulo,2,1,3,23,20,19,20,249,282,1.40194358
2020,4,08/19/20 19:30,Athletico-PR,Palmeiras,0,1,1,26,33,15,21,313,304,0.26484679
2020,4,08/19/20 21:30,Botafogo,Atletico-MG,2,1,3,13,25,25,26,215,320,3.066842542
2020,4,08/19/20 21:30,Corinthians,Coritiba,3,1,4,21,21,24,28,266,215,1.826968297
2020,4,08/19/20 19:15,Flamengo,Gremio,1,1,2,43,30,22,17,307,295,2.715691268
2020,4,08/19/20 20:30,Goias,Fortaleza,1,3,4,28,27,35,21,274,214,0.36522189
2020,4,08/19/20 20:30,Internacional,Atletico-GO,3,0,3,21,25,21,23,322,230,2.095363146
2020,4,08/19/20 19:15,RB Bragantino,Fluminense,2,1,3,NA,NA,NA,NA,NA,NA,4.213078903
2020,4,08/20/20 20:00,Ceara,Vasco,0,3,3,18,24,26,19,266,237,3.603367881
2020,4,08/20/20 20:00,Sao Paulo,Bahia,1,1,2,19,24,21,26,276,262,1.595589219
2020,4,08/20/20 19:15,Sport Recife,Santos,0,1,1,20,33,28,14,213,283,3.061947933
2020,5,08/22/20 16:00,Athletico-PR,Fluminense,0,1,1,25,19,15,18,291,262,2.551356396
2020,5,08/22/20 21:00,Goias,Atletico-GO,2,0,2,28,25,38,24,284,224,0.094199542
2020,5,08/22/20 19:00,Internacional,Atletico-MG,1,0,1,23,25,20,26,315,326,1.261724884
2020,5,08/23/20 20:00,Ceara,Bahia,2,0,2,17,23,27,27,280,251,3.326693343
2020,5,08/23/20 11:00,Flamengo,Botafogo,1,1,2,41,15,22,24,298,222,6.173007253
2020,5,08/23/20 16:00,Palmeiras,Santos,2,1,3,28,32,19,14,297,287,0.728483563
2020,5,08/23/20 16:00,RB Bragantino,Coritiba,1,2,3,NA,NA,NA,NA,NA,NA,0.594149508
2020,5,08/23/20 19:00,Sport Recife,Sao Paulo,0,1,1,19,20,29,21,208,288,1.96765805
2020,5,08/23/20 16:00,Vasco,Gremio,0,0,0,27,30,18,16,226,290,1.240970216
2020,5,08/26/20 21:30,Corinthians,Fortaleza,1,1,2,23,29,25,22,277,211,0.423893765
2020,11,08/26/20 19:00,Sao Paulo,Athletico-PR,1,0,1,20,23,18,15,291,292,0.188994333
2020,6,08/29/20 19:00,Bahia,Palmeiras,1,1,2,21,29,29,19,261,302,4.947330205
2020,6,08/29/20 17:00,Botafogo,Internacional,0,2,2,16,23,24,19,223,309,2.89911791
2020,6,08/29/20 19:00,Fluminense,Vasco,2,1,3,19,25,18,17,259,221,1.159001098
2020,6,08/29/20 21:00,Fortaleza,RB Bragantino,3,0,3,NA,NA,NA,NA,NA,NA,4.332297034
2020,6,08/30/20 18:00,Atletico-GO,Ceara,0,2,2,24,19,26,26,232,268,1.271893931
2020,6,08/30/20 16:00,Coritiba,Sport Recife,1,0,1,23,19,30,28,222,208,0.375731147
2020,6,08/30/20 16:00,Santos,Flamengo,0,1,1,32,41,16,23,288,289,1.369032258
2020,6,08/30/20 11:00,Sao Paulo,Corinthians,2,1,3,19,23,17,26,288,288,2.029980748
2020,7,09/02/20 20:30,Athletico-PR,RB Bragantino,1,1,2,NA,NA,NA,NA,NA,NA,4.98429454
2020,7,09/02/20 20:30,Bahia,Flamengo,3,5,8,21,39,28,22,256,280,5.475121283
2020,7,09/02/20 20:30,Botafogo,Coritiba,0,0,0,16,24,25,29,219,219,0.060333258
2020,7,09/02/20 19:00,Ceara,Fortaleza,1,0,1,20,30,24,21,271,217,2.65800042
2020,7,09/02/20 19:15,Fluminense,Atletico-GO,1,1,2,21,23,19,27,262,236,3.028919559
2020,7,09/02/20 19:15,Goias,Corinthians,1,2,3,29,24,38,28,282,282,0.413105589
2020,7,09/02/20 21:30,Palmeiras,Internacional,1,1,2,29,25,19,18,294,302,1.777836626
2020,7,09/02/20 21:30,Santos,Vasco,2,2,4,30,26,17,18,295,214,1.348052322
2020,7,09/03/20 20:00,Atletico-MG,Sao Paulo,3,0,3,24,21,26,18,326,294,1.962718935
2020,7,09/03/20 19:00,Gremio,Sport Recife,1,2,3,30,19,16,29,286,204,4.863038897
2020,8,09/05/20 21:00,Ceara,Santos,0,1,1,20,32,24,19,255,295,3.703863311
2020,8,09/05/20 19:00,Corinthians,Botafogo,2,2,4,24,13,27,24,282,224,1.917143269
2020,8,09/05/20 17:00,Flamengo,Fortaleza,2,1,3,42,30,25,21,291,215,5.189808397
2020,8,09/06/20 19:00,Atletico-GO,Gremio,1,1,2,21,29,27,17,234,303,4.073367787
2020,8,09/06/20 20:30,Coritiba,Atletico-MG,0,1,1,22,26,26,23,214,335,2.024252348
2020,8,09/06/20 16:00,Internacional,Bahia,2,2,4,26,24,19,33,297,256,3.596648403
2020,8,09/06/20 11:00,RB Bragantino,Palmeiras,1,2,3,NA,NA,NA,NA,NA,NA,7.626238159
2020,8,09/06/20 16:00,Sao Paulo,Fluminense,3,1,4,20,20,21,20,290,260,1.159391954
2020,8,09/06/20 20:30,Sport Recife,Goias,2,1,3,20,29,28,40,196,284,0.422591904
2020,8,09/06/20 18:00,Vasco,Athletico-PR,1,0,1,28,22,20,13,211,282,0.694673224
2020,9,09/09/20 17:30,Athletico-PR,Botafogo,1,1,2,20,15,13,25,282,231,1.785664241
2020,9,09/09/20 21:30,Fluminense,Flamengo,1,2,3,20,42,21,25,256,298,5.404996454
2020,9,09/09/20 18:00,Fortaleza,Sport Recife,1,0,1,30,22,21,28,213,202,0.83321359
2020,9,09/09/20 18:00,Goias,Coritiba,3,3,6,29,21,39,26,276,216,0.179956818
2020,9,09/09/20 21:30,Santos,Atletico-MG,3,1,4,31,26,18,19,288,332,1.522611879
2020,9,09/09/20 19:15,Sao Paulo,RB Bragantino,1,1,2,NA,NA,NA,NA,NA,NA,5.774772781
2020,9,09/10/20 19:15,Bahia,Gremio,0,2,2,26,26,33,17,248,295,2.564883767
2020,9,09/10/20 19:15,Corinthians,Palmeiras,0,2,2,26,31,28,19,293,288,4.304081008
2020,9,09/10/20 19:15,Internacional,Ceara,2,0,2,26,19,21,23,280,257,4.353116295
2020,9,09/10/20 21:00,Vasco,Atletico-GO,1,2,3,28,21,20,26,203,222,3.565543343
2020,10,09/12/20 16:30,Athletico-PR,Coritiba,1,0,1,20,23,13,26,285,216,1.893820572
2020,10,09/12/20 19:00,Santos,Sao Paulo,2,2,4,34,23,17,22,285,288,1.449922323
2020,10,09/13/20 16:00,Atletico-MG,RB Bragantino,2,1,3,NA,NA,NA,NA,NA,NA,4.362276154
2020,10,09/13/20 18:00,Bahia,Atletico-GO,0,1,1,25,21,35,27,252,225,0.011319499
2020,10,09/13/20 20:30,Botafogo,Vasco,2,3,5,15,27,24,21,233,196,2.008949866
2020,10,09/13/20 18:00,Ceara,Flamengo,2,0,2,17,42,24,26,250,295,8.014353528
2020,10,09/13/20 16:00,Fluminense,Corinthians,2,1,3,21,24,21,28,264,286,0.273520484
2020,10,09/13/20 18:00,Goias,Internacional,1,0,1,31,28,42,20,281,278,4.555079093
2020,10,09/13/20 16:00,Gremio,Fortaleza,1,1,2,28,29,16,20,295,215,2.22181274
2020,10,09/13/20 19:45,Palmeiras,Sport Recife,2,2,4,32,20,19,24,279,200,5.775761658
2020,11,09/16/20 21:30,Corinthians,Bahia,3,2,5,24,24,28,34,282,249,0.960807876
2020,11,09/19/20 21:00,Atletico-GO,Atletico-MG,3,4,7,20,25,25,21,228,332,1.471927531
2020,11,09/19/20 19:00,Fortaleza,Internacional,2,0,2,29,25,20,19,211,276,1.348669486
2020,11,09/19/20 19:00,RB Bragantino,Ceara,4,2,6,NA,NA,NA,NA,NA,NA,2.369428849
2020,11,09/20/20 18:15,Botafogo,Santos,0,0,0,15,36,26,19,241,276,4.481940998
2020,11,09/20/20 16:00,Coritiba,Vasco,1,0,1,23,29,26,23,205,201,3.419900195
2020,11,09/20/20 16:00,Gremio,Palmeiras,1,1,2,28,33,15,20,296,291,2.021462028
2020,11,09/20/20 20:30,Sport Recife,Fluminense,1,0,1,20,22,25,21,197,253,0.746173688
2020,12,09/23/20 21:30,Sport Recife,Corinthians,1,0,1,21,27,21,30,198,279,0.253859757
2020,12,09/26/20 19:00,Athletico-PR,Bahia,1,0,1,17,24,12,34,271,261,2.410575301
2020,12,09/26/20 21:00,Atletico-MG,Gremio,3,1,4,29,26,22,16,337,282,0.659031078
2020,12,09/26/20 19:00,Internacional,Sao Paulo,1,1,2,24,23,20,24,273,284,0.207162741
2020,12,09/27/20 18:15,Atletico-GO,Botafogo,1,1,2,22,15,26,23,229,239,0.632860892
2020,12,09/27/20 18:15,Ceara,Goias,2,2,4,18,30,27,40,244,267,0.402173131
2020,12,09/27/20 16:00,Palmeiras,Flamengo,1,1,2,32,41,20,28,296,288,0.658813728
2020,12,09/27/20 20:30,Santos,Fortaleza,1,1,2,35,28,19,19,278,212,1.556161861
2020,12,09/27/20 11:00,Vasco,RB Bragantino,1,1,2,NA,NA,NA,NA,NA,NA,3.984373484
2020,12,09/28/20 20:00,Fluminense,Coritiba,4,0,4,22,23,20,26,251,209,1.236409945
2020,1,09/30/20 21:30,Botafogo,Bahia,1,2,3,16,24,22,34,235,272,0.830249467
2020,1,09/30/20 21:30,Corinthians,Atletico-GO,0,0,0,26,23,29,26,283,229,0.368762264
2020,13,10/03/20 17:00,Gremio,Internacional,1,1,2,24,25,18,19,282,272,0.476030905
2020,13,10/03/20 19:00,Palmeiras,Ceara,2,1,3,30,20,21,28,294,250,6.206552044
2020,13,10/03/20 21:00,RB Bragantino,Corinthians,0,0,0,NA,NA,NA,NA,NA,NA,1.701017813
2020,13,10/04/20 20:30,Atletico-MG,Vasco,4,1,5,32,28,21,21,337,199,1.503425091
2020,13,10/04/20 18:15,Bahia,Sport Recife,1,2,3,25,20,34,20,271,192,1.412863823
2020,13,10/04/20 11:00,Botafogo,Fluminense,1,1,2,16,26,20,20,237,246,2.401566541
2020,13,10/04/20 16:00,Coritiba,Sao Paulo,1,1,2,22,24,29,22,203,288,3.733577032
2020,13,10/04/20 16:00,Flamengo,Athletico-PR,3,1,4,40,17,27,11,286,274,4.637112307
2020,13,10/04/20 18:15,Fortaleza,Atletico-GO,0,0,0,27,23,18,25,206,232,2.322093436
2020,13,10/04/20 18:15,Goias,Santos,2,3,5,30,32,40,19,256,270,3.646263859
2020,14,10/07/20 19:15,Bahia,Vasco,3,0,3,25,29,35,25,271,192,2.19632775
2020,14,10/07/20 21:30,Botafogo,Palmeiras,2,1,3,17,31,20,22,248,313,6.803240265
2020,14,10/07/20 19:00,Corinthians,Santos,1,1,2,22,33,23,20,285,271,3.897283589
2020,14,10/07/20 19:15,Flamengo,Sport Recife,3,0,3,39,18,27,18,283,189,4.733591023
2020,14,10/07/20 21:30,Fortaleza,Atletico-MG,2,1,3,25,34,15,20,206,341,1.247709591
2020,14,10/07/20 20:30,Goias,Fluminense,2,4,6,31,25,39,21,263,249,1.751063191
2020,14,10/07/20 19:15,Gremio,Coritiba,2,1,3,23,19,19,27,275,191,3.459363977
2020,14,10/07/20 20:30,Sao Paulo,Atletico-GO,3,0,3,22,22,23,24,295,233,2.58426664
2020,14,10/08/20 19:00,Athletico-PR,Ceara,0,0,0,17,19,14,30,257,251,2.436953462
2020,14,10/08/20 21:00,RB Bragantino,Internacional,0,2,2,NA,NA,NA,NA,NA,NA,4.458242612
2020,15,10/10/20 21:00,Atletico-MG,Goias,3,0,3,33,31,22,41,330,257,4.236924716
2020,15,10/10/20 19:00,Coritiba,Fortaleza,0,0,0,16,26,29,16,187,204,3.425903237
2020,15,10/10/20 19:00,Palmeiras,Sao Paulo,0,2,2,30,25,23,21,313,299,1.570429464
2020,15,10/10/20 17:00,Vasco,Flamengo,1,2,3,28,41,26,27,194,281,5.788736342
2020,15,10/11/20 18:15,Atletico-GO,RB Bragantino,2,1,3,NA,NA,NA,NA,NA,NA,2.380154027
2020,15,10/11/20 20:30,Ceara,Corinthians,2,1,3,19,22,29,23,249,291,0.785514108
2020,15,10/11/20 16:00,Fluminense,Bahia,1,0,1,28,27,21,32,245,275,2.14707118
2020,15,10/11/20 20:30,Internacional,Athletico-PR,2,1,3,26,17,17,14,258,248,1.919649983
2020,15,10/11/20 16:00,Santos,Gremio,2,1,3,31,23,21,19,261,267,0.956795021
2020,15,10/11/20 18:15,Sport Recife,Botafogo,1,2,3,17,17,21,21,194,242,2.181583429
2020,11,10/13/20 18:00,Flamengo,Goias,2,1,3,40,29,27,44,268,238,8.367198146
2020,16,10/14/20 21:30,Athletico-PR,Corinthians,0,1,1,17,23,16,25,257,287,1.227750149
2020,16,10/14/20 21:30,Atletico-MG,Fluminense,1,1,2,36,28,22,20,336,238,1.169448914
2020,16,10/14/20 19:15,Gremio,Botafogo,3,1,4,23,19,21,21,271,245,2.52301518
2020,16,10/14/20 18:00,Palmeiras,Coritiba,1,3,4,29,14,24,27,301,188,4.802438485
2020,16,10/14/20 20:30,Santos,Atletico-GO,0,1,1,32,22,21,24,256,255,3.835782056
2020,16,10/14/20 21:30,Sport Recife,Internacional,3,5,8,18,28,23,18,208,258,2.584726821
2020,16,10/15/20 20:00,Flamengo,RB Bragantino,1,1,2,NA,NA,NA,NA,NA,NA,9.489792353
2020,16,10/16/20 20:00,Goias,Bahia,1,1,2,30,26,44,32,238,272,0.869780644
2020,17,10/17/20 19:00,Atletico-GO,Athletico-PR,1,1,2,21,16,24,17,257,250,0.946971749
2020,17,10/17/20 19:00,Coritiba,Santos,1,2,3,16,28,27,21,195,243,3.27522927
2020,17,10/17/20 19:00,Fluminense,Ceara,2,2,4,28,21,21,29,230,249,2.520980839
2020,17,10/17/20 21:00,Sao Paulo,Gremio,0,0,0,27,26,20,21,296,259,1.10512326
2020,17,10/18/20 16:00,Corinthians,Flamengo,1,5,6,24,38,24,25,275,298,6.10846228
2020,17,10/18/20 20:30,Fortaleza,Palmeiras,2,0,2,23,29,16,26,201,295,0.482024876
2020,17,10/18/20 18:15,Internacional,Vasco,2,0,2,31,26,19,28,249,199,3.476347168
2020,17,10/18/20 20:30,RB Bragantino,Sport Recife,2,0,2,NA,NA,NA,NA,NA,NA,2.23592649
2020,17,10/19/20 20:00,Bahia,Atletico-MG,3,1,4,24,36,29,22,275,336,3.441416046
2020,17,10/19/20 20:00,Botafogo,Goias,0,0,0,19,31,24,42,253,239,1.504677064
2020,18,10/21/20 21:30,Vasco,Corinthians,1,2,3,22,22,26,29,198,262,0.167861805
2020,18,10/24/20 22:00,Atletico-MG,Sport Recife,0,0,0,37,21,24,29,337,197,2.659208594
2020,18,10/24/20 19:00,Ceara,Coritiba,2,1,3,22,16,30,29,248,203,0.377279144
2020,18,10/24/20 17:00,RB Bragantino,Goias,2,0,2,NA,NA,NA,NA,NA,NA,0.156248609
2020,18,10/25/20 18:15,Athletico-PR,Gremio,1,2,3,16,24,18,20,260,263,2.672307095
2020,18,10/25/20 16:00,Atletico-GO,Palmeiras,0,3,3,20,28,24,26,255,293,1.637155074
2020,18,10/25/20 16:00,Fluminense,Santos,3,1,4,28,29,22,20,223,235,1.907207216
2020,18,10/25/20 18:15,Internacional,Flamengo,2,2,4,32,39,17,25,238,280,2.782357897
2020,19,10/31/20 17:00,Botafogo,Ceara,2,2,4,18,23,24,27,267,258,0.636904365
2020,19,10/31/20 19:00,Corinthians,Internacional,1,0,1,23,33,28,19,260,231,3.361224027
2020,19,10/31/20 19:00,Coritiba,Atletico-GO,1,0,1,17,19,28,26,206,262,1.046786566
2020,19,10/31/20 21:00,Fortaleza,Fluminense,0,1,1,23,30,14,22,205,235,0.494933907
2020,19,11/01/20 16:00,Flamengo,Sao Paulo,1,4,5,38,26,26,19,287,289,3.156147737
2020,19,11/01/20 20:30,Goias,Vasco,1,1,2,26,22,40,27,224,206,1.338176432
2020,19,11/01/20 18:15,Santos,Bahia,3,1,4,28,26,23,29,233,272,3.285388401
2020,19,11/01/20 16:00,Sport Recife,Athletico-PR,1,0,1,20,15,27,20,188,245,0.062457766
2020,19,11/02/20 20:00,Gremio,RB Bragantino,2,1,3,NA,NA,NA,NA,NA,NA,4.790253065
2020,19,11/02/20 17:00,Palmeiras,Atletico-MG,3,0,3,30,36,24,23,295,353,1.164097841
2020,20,11/07/20 18:00,Athletico-PR,Fortaleza,2,1,3,14,21,20,14,247,198,2.624880851
2020,20,11/07/20 21:00,Atletico-GO,Corinthians,1,1,2,18,23,26,28,261,249,1.348976855
2020,20,11/07/20 19:00,Sao Paulo,Goias,2,1,3,29,25,19,40,296,230,6.512113245
2020,20,11/08/20 18:15,Atletico-MG,Flamengo,4,0,4,34,33,25,29,355,283,4.28254322
2020,20,11/08/20 18:15,Bahia,Botafogo,1,0,1,25,20,31,25,276,271,0.345102315
2020,20,11/08/20 20:30,Ceara,Sport Recife,0,0,0,24,21,28,27,252,191,0.10450221
2020,20,11/08/20 20:30,Fluminense,Gremio,0,1,1,31,25,22,20,233,264,0.671375779
2020,20,11/08/20 16:00,Internacional,Coritiba,2,2,4,32,17,18,26,227,198,3.936580691
2020,20,11/08/20 18:15,RB Bragantino,Santos,1,1,2,NA,NA,NA,NA,NA,NA,4.867452456
2020,20,11/08/20 16:00,Vasco,Palmeiras,0,1,1,23,32,27,21,203,300,3.86138435
2020,18,11/11/20 18:45,Bahia,Fortaleza,2,1,3,25,20,30,15,281,198,1.55907779
2020,21,11/14/20 19:00,Corinthians,Atletico-MG,1,2,3,23,36,27,25,239,337,1.016581649
2020,21,11/14/20 21:30,Flamengo,Atletico-GO,1,1,2,33,18,29,26,291,265,5.574672302
2020,21,11/14/20 19:00,Fortaleza,Sao Paulo,2,3,5,21,30,17,20,193,301,3.44405827
2020,21,11/14/20 17:00,Goias,Athletico-PR,0,1,1,25,15,40,21,219,259,2.019080064
2020,21,11/14/20 19:00,Gremio,Ceara,4,2,6,24,24,20,27,263,269,4.157391236
2020,21,11/14/20 21:30,Palmeiras,Fluminense,2,0,2,28,29,20,22,298,235,1.51813424
2020,21,11/14/20 16:30,Santos,Internacional,2,0,2,28,32,24,19,216,219,0.186431796
2020,21,11/14/20 16:30,Sport Recife,Vasco,0,2,2,19,22,26,28,187,206,1.258673622
2020,21,11/16/20 20:00,Botafogo,RB Bragantino,1,2,3,20,23,24,27,268,290,0.395730729
2020,21,11/16/20 18:00,Coritiba,Bahia,1,2,3,18,26,26,29,199,282,0.59554524
2020,6,11/18/20 19:00,Atletico-MG,Athletico-PR,0,2,2,37,16,24,21,340,259,2.383014362
2020,16,11/19/20 19:00,Vasco,Fortaleza,0,0,0,23,21,27,19,210,197,0.817652129
2020,22,11/20/20 20:00,RB Bragantino,Bahia,4,0,4,24,27,27,30,283,285,1.740387177
2020,22,11/21/20 19:00,Athletico-PR,Santos,1,0,1,16,29,21,23,256,216,2.338553572
2020,22,11/21/20 19:00,Flamengo,Coritiba,3,1,4,34,19,29,27,293,213,5.673974895
2020,22,11/21/20 21:00,Goias,Palmeiras,1,0,1,24,28,36,20,219,299,6.78321159
2020,22,11/22/20 18:15,Botafogo,Fortaleza,1,2,3,20,21,25,17,265,205,2.45390479
2020,22,11/22/20 16:00,Ceara,Atletico-MG,2,2,4,25,36,30,26,266,351,2.085319396
2020,22,11/22/20 20:30,Corinthians,Gremio,0,0,0,22,26,26,19,239,264,3.815113098
2020,22,11/22/20 18:15,Internacional,Fluminense,1,2,3,31,29,21,23,220,240,0.732345501
2020,22,11/22/20 16:00,Sao Paulo,Vasco,1,1,2,33,22,19,26,299,198,5.333678435
2020,22,11/23/20 20:30,Sport Recife,Atletico-GO,0,1,1,16,16,26,27,191,262,0.534812218
2020,23,11/25/20 21:30,Atletico-MG,Botafogo,2,1,3,35,20,26,26,344,275,4.225156544
2020,16,11/25/20 19:15,Ceara,Sao Paulo,1,1,2,25,32,29,19,266,297,4.848296272
2020,23,11/25/20 21:30,Coritiba,Corinthians,0,1,1,20,22,29,26,204,241,1.580179893
2020,23,11/26/20 20:00,Fortaleza,Goias,1,1,2,23,22,17,34,204,209,3.300546118
2020,23,11/28/20 21:00,Atletico-GO,Internacional,0,0,0,16,30,26,23,264,208,1.355266638
2020,23,11/28/20 19:00,Bahia,Sao Paulo,1,3,4,25,31,33,19,283,302,4.000961714
2020,23,11/28/20 17:00,Palmeiras,Athletico-PR,3,0,3,27,15,20,20,304,250,1.631679333
2020,23,11/28/20 17:00,Santos,Sport Recife,4,2,6,29,16,22,25,216,189,4.307123622
2020,23,11/30/20 20:00,Fluminense,RB Bragantino,0,0,0,30,27,23,26,237,272,2.925761627
2020,6,11/30/20 18:00,Gremio,Goias,2,1,3,25,22,19,33,264,202,6.026742291
2020,23,11/30/20 18:00,Vasco,Ceara,1,4,5,21,25,27,29,195,266,0.153830217
2020,24,12/02/20 21:30,Fortaleza,Corinthians,0,0,0,24,20,18,25,207,229,0.205892087
2020,1,12/03/20 19:00,Goias,Sao Paulo,0,3,3,22,33,34,20,197,306,6.850236131
2020,24,12/05/20 19:00,Bahia,Ceara,0,2,2,25,29,35,28,290,264,0.590567844
2020,24,12/05/20 17:00,Botafogo,Flamengo,0,1,1,21,37,28,27,264,307,7.34740797
2020,24,12/05/20 21:00,Coritiba,RB Bragantino,0,0,0,20,26,29,24,207,267,1.60484938
2020,24,12/05/20 19:00,Fluminense,Athletico-PR,3,1,4,28,14,22,20,234,242,0.931869612
2020,24,12/05/20 17:00,Santos,Palmeiras,2,2,4,30,29,23,19,216,314,0.326363214
2020,24,12/06/20 18:15,Atletico-MG,Internacional,2,2,4,35,29,27,21,344,216,0.059195804
2020,24,12/06/20 16:00,Gremio,Vasco,4,0,4,26,20,19,30,276,199,5.112009442
2020,24,12/06/20 20:30,Sao Paulo,Sport Recife,1,0,1,35,17,18,28,310,183,6.789876953
2020,24,12/07/20 20:00,Atletico-GO,Goias,0,1,1,16,21,23,34,266,193,2.785090201
2020,18,12/09/20 21:30,Sao Paulo,Botafogo,4,0,4,35,19,17,28,298,267,8.205597561
2020,25,12/12/20 17:00,Athletico-PR,Atletico-MG,0,1,1,15,36,22,27,241,322,0.855969005
2020,25,12/12/20 21:00,Ceara,Atletico-GO,1,2,3,31,16,25,22,253,262,1.588217439
2020,25,12/12/20 21:00,Goias,Gremio,0,0,0,20,30,34,19,197,274,6.022446057
2020,25,12/12/20 19:00,Internacional,Botafogo,2,1,3,28,18,23,31,215,268,4.999875441
2020,25,12/12/20 19:00,Palmeiras,Bahia,3,0,3,30,25,21,35,315,283,4.42854106
2020,25,12/12/20 17:00,RB Bragantino,Fortaleza,2,1,3,24,21,23,17,277,207,0.696318819
2020,25,12/13/20 18:15,Corinthians,Sao Paulo,1,0,1,19,38,24,17,217,318,4.287067749
2020,25,12/13/20 16:00,Flamengo,Santos,4,1,5,37,31,27,25,303,215,2.061379223
2020,25,12/13/20 18:15,Sport Recife,Coritiba,1,0,1,17,19,28,26,176,207,0.20709261
2020,25,12/13/20 20:30,Vasco,Fluminense,1,1,2,17,30,34,21,200,252,3.519630136
2020,26,12/16/20 21:30,Atletico-GO,Fluminense,2,1,3,18,30,21,22,260,253,2.161110565
2020,26,12/16/20 21:30,Sao Paulo,Atletico-MG,3,0,3,37,37,18,26,319,321,2.445263044
2020,26,12/19/20 21:00,Coritiba,Botafogo,1,2,3,17,19,26,31,214,273,0.909589333
2020,26,12/19/20 21:00,Internacional,Palmeiras,2,0,2,29,31,24,20,221,313,1.557510081
2020,26,12/19/20 19:00,Sport Recife,Gremio,1,1,2,18,29,27,18,186,281,5.523015894
2020,26,12/20/20 18:15,Flamengo,Bahia,4,3,7,40,24,27,37,307,292,6.294972165
2020,26,12/20/20 20:30,Fortaleza,Ceara,0,2,2,21,30,18,27,210,250,0.157208041
2020,26,12/20/20 16:00,RB Bragantino,Athletico-PR,0,1,1,25,15,22,22,276,243,0.013162652
2020,26,12/20/20 16:00,Vasco,Santos,1,0,1,18,31,35,27,210,212,3.699136294
2020,26,12/21/20 20:00,Corinthians,Goias,2,1,3,19,19,22,32,224,198,3.185317045
2020,27,12/26/20 17:00,Atletico-MG,Coritiba,2,0,2,34,17,29,28,321,211,5.03568775
2020,27,12/26/20 21:00,Fluminense,Sao Paulo,1,2,3,29,38,23,17,246,322,3.08281883
2020,27,12/26/20 19:00,Fortaleza,Flamengo,0,0,0,18,43,20,29,207,308,5.866766648
2020,27,12/26/20 19:00,Goias,Sport Recife,1,0,1,19,19,32,27,205,188,0.500140015
2020,27,12/27/20 18:15,Athletico-PR,Vasco,3,0,3,16,18,21,33,242,205,1.428720069
2020,27,12/27/20 16:00,Bahia,Internacional,1,2,3,24,29,36,24,295,226,3.772589552
2020,27,12/27/20 16:00,Botafogo,Corinthians,0,2,2,21,19,32,22,274,232,4.266833046
2020,27,12/27/20 20:30,Gremio,Atletico-GO,2,1,3,30,19,19,21,280,256,3.317271596
2020,27,12/27/20 18:15,Palmeiras,RB Bragantino,1,0,1,30,25,21,20,315,291,3.669531777
2020,27,12/27/20 18:15,Santos,Ceara,1,1,2,31,30,27,27,209,243,1.032181655
2020,28,01/06/21 19:15,Botafogo,Athletico-PR,0,2,2,19,18,32,20,272,247,4.097012922
2020,28,01/06/21 20:30,Coritiba,Goias,1,2,3,17,17,30,29,211,196,1.715279122
2020,28,01/06/21 21:30,Flamengo,Fluminense,1,2,3,42,29,29,24,311,244,3.716596794
2020,28,01/06/21 19:15,Gremio,Bahia,2,1,3,31,23,18,36,262,300,5.829634536
2020,28,01/06/21 21:30,RB Bragantino,Sao Paulo,4,2,6,24,40,20,15,294,321,6.138441753
2020,28,01/06/21 20:30,Sport Recife,Fortaleza,1,0,1,17,18,27,19,199,213,1.213670756
2020,28,01/07/21 21:00,Atletico-GO,Vasco,0,0,0,19,16,22,34,257,208,1.312756437
2020,28,01/07/21 19:00,Ceara,Internacional,0,2,2,30,30,28,24,245,233,1.767876673
2020,29,01/09/21 19:00,Coritiba,Athletico-PR,0,0,0,18,20,31,19,214,241,5.34281083
2020,29,01/09/21 21:00,Fortaleza,Gremio,0,0,0,17,32,18,18,226,267,5.090378905
2020,29,01/09/21 19:00,Sport Recife,Palmeiras,0,1,1,16,30,26,20,188,310,4.605371772
2020,29,01/10/21 18:15,Atletico-GO,Bahia,1,1,2,17,24,21,36,252,300,2.019857026
2020,29,01/10/21 16:00,Flamengo,Ceara,0,2,2,38,30,28,29,310,251,3.688911144
2020,29,01/10/21 18:15,Internacional,Goias,1,0,1,30,18,22,30,232,201,4.47825881
2020,29,01/10/21 16:00,Sao Paulo,Santos,0,1,1,39,30,18,26,315,209,2.90334111
2020,29,01/10/21 20:30,Vasco,Botafogo,3,0,3,15,18,34,33,215,284,2.795718299
2020,29,01/11/21 20:00,RB Bragantino,Atletico-MG,2,2,4,27,35,20,29,297,327,2.118371509
2020,29,01/13/21 21:30,Corinthians,Fluminense,5,0,5,19,30,20,22,231,243,0.033775893
2020,30,01/15/21 21:30,Palmeiras,Gremio,1,1,2,29,30,19,18,308,260,0.374798614
2020,30,01/16/21 19:00,Fluminense,Sport Recife,1,0,1,29,16,25,26,238,195,3.514374188
2020,30,01/16/21 21:00,Vasco,Coritiba,0,1,1,17,15,32,28,224,214,3.177280489
2020,30,01/17/21 16:00,Athletico-PR,Sao Paulo,1,1,2,19,38,18,18,227,327,2.440233533
2020,30,01/17/21 18:15,Atletico-MG,Atletico-GO,3,1,4,36,17,28,22,330,253,2.28602448
2020,30,01/17/21 20:30,Ceara,RB Bragantino,1,2,3,32,28,27,21,253,298,1.484334535
2020,30,01/17/21 20:30,Internacional,Fortaleza,4,2,6,29,16,22,18,225,228,4.489910078
2020,30,01/17/21 16:00,Santos,Botafogo,2,1,3,30,16,26,33,207,271,6.284571461
2020,30,01/18/21 20:00,Goias,Flamengo,0,3,3,16,36,29,29,205,313,4.390075377
2020,28,01/18/21 19:00,Palmeiras,Corinthians,4,0,4,28,24,20,18,303,240,0.997100187
2020,31,01/20/21 18:00,Bahia,Athletico-PR,1,0,1,25,19,36,19,307,225,3.005136845
2020,31,01/20/21 17:00,Botafogo,Atletico-GO,1,3,4,17,15,35,21,270,251,3.471960046
2020,31,01/20/21 20:30,Coritiba,Fluminense,3,3,6,16,28,27,24,222,234,4.818331235
2020,31,01/20/21 19:15,Gremio,Atletico-MG,1,1,2,30,37,18,28,258,338,1.79321258
2020,31,01/20/21 21:30,RB Bragantino,Vasco,4,1,5,29,14,20,31,301,220,1.973161313
2020,31,01/20/21 21:30,Sao Paulo,Internacional,1,5,6,37,33,17,23,324,221,0.025132222
2020,31,01/21/21 21:00,Corinthians,Sport Recife,3,0,3,23,14,20,25,241,196,4.147898512
2020,31,01/21/21 19:00,Flamengo,Palmeiras,2,0,2,37,30,28,18,312,298,0.084945188
2020,31,01/21/21 19:00,Fortaleza,Santos,2,0,2,17,29,21,26,235,222,3.609095664
2020,31,01/21/21 19:00,Goias,Ceara,0,4,4,14,31,29,29,200,257,2.238155378
2020,32,01/23/21 19:00,Sao Paulo,Coritiba,1,1,2,37,18,21,30,317,220,5.908806215
2020,32,01/23/21 21:00,Vasco,Atletico-MG,3,2,5,15,34,34,26,217,334,4.223027364
2020,32,01/24/21 16:00,Athletico-PR,Flamengo,2,1,3,18,39,20,26,223,316,3.256689661
2020,32,01/24/21 18:15,Atletico-GO,Fortaleza,2,0,2,17,17,21,21,255,233,0.517179265
2020,32,01/24/21 16:00,Ceara,Palmeiras,2,1,3,33,29,25,19,256,283,2.192146185
2020,32,01/24/21 20:30,Fluminense,Botafogo,2,0,2,31,17,26,37,235,271,6.223436671
2020,32,01/24/21 16:00,Internacional,Gremio,2,1,3,38,30,22,18,229,259,0.640496024
2020,32,01/24/21 18:15,Santos,Goias,3,4,7,27,12,26,29,224,202,4.206618556
2020,32,01/24/21 18:15,Sport Recife,Bahia,2,0,2,13,24,28,33,198,293,0.975444132
2020,32,01/25/21 20:30,Corinthians,RB Bragantino,0,2,2,23,29,18,19,250,303,1.46029391
2020,28,01/26/21 20:00,Atletico-MG,Santos,2,0,2,33,30,28,30,331,223,0.87470095
2020,1,01/26/21 20:00,Palmeiras,Vasco,1,1,2,29,17,20,35,278,212,4.014887073
2020,30,01/28/21 19:00,Bahia,Corinthians,2,1,3,24,23,34,19,288,247,3.142228929
2020,23,01/28/21 20:00,Gremio,Flamengo,2,4,6,30,39,17,27,259,318,0.029605006
2020,33,01/31/21 20:00,Atletico-GO,Sao Paulo,2,1,3,19,37,21,21,245,316,2.283206536
2020,33,01/31/21 20:00,Atletico-MG,Fortaleza,2,0,2,31,16,27,22,321,232,3.12506792
2020,33,01/31/21 20:00,Ceara,Athletico-PR,0,2,2,33,19,24,18,246,224,0.344252488
2020,33,01/31/21 20:00,Coritiba,Gremio,1,1,2,19,31,27,20,220,253,5.289110075
2020,33,01/31/21 20:00,Fluminense,Goias,3,0,3,29,16,26,29,232,215,3.280233792
2020,33,01/31/21 20:00,Internacional,RB Bragantino,2,1,3,39,30,22,18,242,304,3.142565775
2020,33,01/31/21 20:00,Vasco,Bahia,0,0,0,17,24,32,34,219,284,0.483836311
2020,33,02/01/21 20:00,Sport Recife,Flamengo,0,3,3,14,40,28,28,207,319,6.032251262
2020,33,02/02/21 16:00,Palmeiras,Botafogo,1,1,2,28,16,20,37,264,261,7.076552044
2020,34,02/03/21 21:30,Bahia,Fluminense,0,1,1,23,31,32,25,270,241,3.031052818
2020,34,02/03/21 21:30,Corinthians,Ceara,2,1,3,24,32,21,24,250,245,0.098280396
2020,34,02/03/21 21:30,Goias,Atletico-MG,1,0,1,15,32,30,25,220,318,4.146197634
2020,34,02/03/21 16:00,Gremio,Santos,3,3,6,30,29,20,31,262,213,1.890558348
2020,34,02/03/21 19:15,RB Bragantino,Atletico-GO,2,0,2,31,21,20,22,310,249,0.617452197
2020,34,02/04/21 21:00,Athletico-PR,Internacional,0,0,0,21,40,18,22,220,245,2.944712904
2020,34,02/04/21 21:00,Flamengo,Vasco,2,0,2,40,17,28,29,324,217,5.468807911
2020,34,02/04/21 18:30,Fortaleza,Coritiba,3,1,4,16,19,24,27,221,225,1.314231962
2020,34,02/05/21 20:00,Botafogo,Sport Recife,0,1,1,16,12,37,30,261,210,2.035135731
2020,35,02/06/21 21:00,Atletico-GO,Santos,1,1,2,21,29,21,32,242,212,0.545921813
2020,35,02/06/21 19:00,Bahia,Goias,3,3,6,20,15,33,29,269,213,0.395298364
2020,35,02/07/21 20:30,RB Bragantino,Flamengo,1,1,2,33,40,18,27,317,333,2.967738553
2020,35,02/08/21 20:00,Botafogo,Gremio,2,5,7,14,32,37,21,275,268,7.164980089
2020,35,02/08/21 20:00,Internacional,Sport Recife,1,2,3,38,13,22,27,NA,NA,6.580582384
2020,35,02/10/21 21:00,Corinthians,Athletico-PR,3,3,6,26,20,22,16,256,218,0.729204011
2020,35,02/10/21 21:30,Fluminense,Atletico-MG,0,0,0,28,29,23,26,244,314,0.617181949
2020,35,02/10/21 19:00,Fortaleza,Vasco,3,0,3,17,16,24,29,229,210,0.25234235
2020,35,02/10/21 19:15,Sao Paulo,Ceara,1,1,2,35,33,23,26,304,239,1.647510205
2020,36,02/13/21 19:00,Atletico-MG,Bahia,1,1,2,28,23,25,35,309,266,3.752860991
2020,36,02/13/21 17:00,Goias,Botafogo,2,0,2,18,14,32,41,218,282,4.129271834
2020,36,02/13/21 19:00,Santos,Coritiba,2,0,2,29,19,32,28,223,217,3.830954885
2020,36,02/14/21 18:15,Athletico-PR,Atletico-GO,2,1,3,23,20,18,21,215,226,1.801979474
2020,36,02/14/21 16:00,Flamengo,Corinthians,2,1,3,39,28,27,24,317,261,3.574183135
2020,36,02/14/21 20:30,Gremio,Sao Paulo,1,2,3,34,34,22,24,271,307,0.776781164
2020,36,02/14/21 18:15,Palmeiras,Fortaleza,3,0,3,28,20,19,24,261,234,2.457526705
2020,36,02/14/21 16:00,Vasco,Internacional,0,2,2,16,37,30,23,214,246,5.430980375
2020,36,02/15/21 18:00,Ceara,Fluminense,1,3,4,32,27,26,23,232,246,1.579391629
2020,36,02/15/21 20:00,Sport Recife,RB Bragantino,0,0,0,14,33,26,17,196,310,2.47442414
2020,35,02/17/21 20:00,Coritiba,Palmeiras,1,0,1,19,31,30,17,215,265,5.152159664
2020,33,02/17/21 20:00,Santos,Corinthians,1,0,1,29,28,31,24,229,262,0.373402365
2020,34,02/19/21 21:30,Sao Paulo,Palmeiras,1,1,2,36,30,25,15,310,264,0.964563915
2020,37,02/20/21 18:30,Coritiba,Ceara,1,0,1,17,31,29,27,216,228,2.371797916
2020,37,02/20/21 21:00,Fortaleza,Bahia,0,4,4,18,23,27,35,229,266,0.64594539
2020,37,02/21/21 16:00,Corinthians,Vasco,0,0,0,27,15,25,30,260,205,2.42823079
2020,37,02/21/21 16:00,Flamengo,Internacional,2,1,3,40,34,27,20,312,248,0.447287618
2020,37,02/21/21 20:30,Goias,RB Bragantino,0,0,0,20,32,30,16,222,322,2.548228703
2020,37,02/21/21 18:15,Gremio,Athletico-PR,1,0,1,35,24,24,18,265,206,0.386670685
2020,37,02/21/21 18:15,Santos,Fluminense,1,1,2,30,29,30,23,228,244,1.326978412
2020,37,02/21/21 16:00,Sport Recife,Atletico-MG,2,3,5,11,28,21,23,187,310,2.548896378
2020,37,02/22/21 20:00,Botafogo,Sao Paulo,1,0,1,13,33,40,25,277,304,7.667319587
2020,37,02/22/21 18:00,Palmeiras,Atletico-GO,1,1,2,31,20,14,23,257,229,1.794239721
2020,38,02/25/21 21:30,Athletico-PR,Sport Recife,2,0,2,23,13,17,22,209,193,3.307425707
2020,38,02/25/21 21:30,Atletico-GO,Coritiba,3,1,4,20,17,23,27,227,211,2.115772675
2020,38,02/25/21 21:30,Atletico-MG,Palmeiras,2,0,2,31,29,25,15,309,264,0.695494515
2020,38,02/25/21 21:30,Bahia,Santos,2,0,2,24,29,34,30,265,230,2.099343058
2020,38,02/25/21 21:30,Ceara,Botafogo,2,1,3,29,14,27,40,228,273,4.169420882
2020,38,02/25/21 21:30,Fluminense,Fortaleza,2,0,2,28,18,22,30,245,236,4.507039032
2020,38,02/25/21 21:30,Internacional,Corinthians,0,0,0,33,26,22,20,247,255,3.768600853
2020,38,02/25/21 21:30,RB Bragantino,Gremio,1,0,1,30,34,16,23,318,268,0.541859375
2020,38,02/25/21 21:30,Sao Paulo,Flamengo,2,1,3,31,37,25,27,291,313,3.545597898
2020,38,02/25/21 21:30,Vasco,Goias,3,2,5,14,19,29,29,206,217,0.70508738
2021,1,05/29/21 20:00,Bahia,Santos,3,0,3,25,28,31,29,260,236,1.112997171
2021,1,05/29/21 21:00,Sao Paulo,Fluminense,0,0,0,30,27,24,21,287,235,1.044307481
2021,1,05/30/21 18:15,Athletico-PR,America-MG,1,0,1,25,12,16,23,215,204,2.397620138
2021,1,05/30/21 11:00,Atletico-MG,Fortaleza,1,2,3,33,17,22,30,312,234,4.244829598
2021,1,05/30/21 16:00,Ceara,Gremio,3,2,5,29,32,26,23,230,272,2.164228948
2021,1,05/30/21 18:15,Chapecoense,RB Bragantino,0,3,3,15,29,22,16,268,323,3.334465888
2021,1,05/30/21 18:15,Corinthians,Atletico-GO,0,1,1,24,23,19,21,250,224,0.10931466
2021,1,05/30/21 16:00,Flamengo,Palmeiras,1,0,1,36,26,27,17,317,254,3.386288999
2021,1,05/30/21 20:30,Internacional,Sport Recife,2,2,4,31,13,20,24,253,205,5.306237067
2021,2,06/05/21 19:00,Atletico-GO,Sao Paulo,2,0,2,24,29,20,23,217,277,0.590393628
2021,2,06/05/21 21:00,RB Bragantino,Bahia,3,3,6,31,27,14,31,328,245,2.339768399
2021,2,06/05/21 21:00,Santos,Ceara,3,1,4,25,32,31,28,239,216,0.095617806
2021,2,06/06/21 16:00,America-MG,Corinthians,0,1,1,12,23,24,20,212,257,0.280797437
2021,2,06/06/21 16:00,Fortaleza,Internacional,5,1,6,18,33,29,21,244,257,3.836076314
2021,2,06/06/21 18:15,Juventude,Athletico-PR,0,3,3,24,24,34,15,NA,NA,5.699329075
2021,2,06/06/21 18:15,Palmeiras,Chapecoense,3,1,4,25,14,18,23,258,259,2.906201339
2021,2,06/06/21 20:30,Sport Recife,Atletico-MG,0,1,1,14,30,26,24,202,316,2.562120048
2021,3,06/12/21 19:00,Palmeiras,Corinthians,1,1,2,26,23,19,19,266,257,0.670095653
2021,3,06/12/21 19:00,Santos,Juventude,0,0,0,27,24,31,33,NA,NA,4.647828836
2021,3,06/13/21 16:00,Atletico-MG,Sao Paulo,1,0,1,29,28,23,24,313,272,0.704919084
2021,3,06/13/21 20:30,Bahia,Internacional,0,1,1,28,32,33,24,242,250,1.678803123
2021,3,06/13/21 20:30,Chapecoense,Ceara,0,0,0,15,31,25,27,257,211,2.084538812
2021,3,06/13/21 16:00,Flamengo,America-MG,2,0,2,36,10,23,25,314,216,6.225145376
2021,3,06/13/21 20:30,Fortaleza,Sport Recife,1,0,1,21,14,27,27,246,206,1.971110018
2021,3,06/13/21 16:00,Gremio,Athletico-PR,0,1,1,33,26,26,15,271,200,1.62800116
2021,3,06/13/21 20:30,RB Bragantino,Fluminense,2,2,4,33,27,16,20,341,231,0.996672108
2021,4,06/16/21 20:30,Corinthians,RB Bragantino,1,2,3,23,33,18,17,258,346,1.418685738
2021,4,06/16/21 19:00,Internacional,Atletico-MG,0,1,1,33,30,22,21,243,301,0.672055505
2021,4,06/16/21 21:30,Juventude,Palmeiras,0,3,3,23,27,30,19,NA,NA,4.298410314
2021,4,06/16/21 19:00,Sao Paulo,Chapecoense,1,1,2,25,14,24,24,260,251,3.358947953
2021,4,06/17/21 19:00,Atletico-GO,Fortaleza,0,0,0,25,22,19,27,211,241,1.390436077
2021,4,06/17/21 16:00,Ceara,Bahia,1,2,3,29,26,25,33,214,241,0.116682179
2021,4,06/17/21 19:00,Fluminense,Santos,1,0,1,29,25,20,31,231,258,3.127918765
2021,4,06/17/21 19:00,Sport Recife,Gremio,1,0,1,14,29,26,25,198,265,2.64956775
2021,5,06/20/21 18:15,Athletico-PR,Atletico-GO,2,1,3,25,24,15,18,199,210,2.095019885
2021,5,06/20/21 16:00,Bahia,Corinthians,0,0,0,28,24,30,20,242,256,0.815054591
2021,5,06/20/21 18:15,Fortaleza,Fluminense,1,1,2,20,28,26,19,235,233,2.999914895
2021,5,06/20/21 16:00,Internacional,Ceara,1,1,2,32,29,21,26,241,215,3.240379323
2021,5,06/20/21 20:30,Juventude,Sport Recife,1,0,1,21,15,33,25,NA,NA,2.442670222
2021,5,06/20/21 11:00,Palmeiras,America-MG,2,1,3,27,8,19,24,255,228,3.499557538
2021,5,06/20/21 18:15,Santos,Sao Paulo,2,0,2,25,23,31,25,270,258,0.478050368
2021,5,06/21/21 20:00,Atletico-MG,Chapecoense,1,1,2,29,15,19,24,289,251,5.344396838
2021,6,06/23/21 19:00,Atletico-GO,Fluminense,1,0,1,24,29,20,20,208,230,2.452094054
2021,6,06/23/21 19:00,Flamengo,Fortaleza,2,1,3,39,20,21,26,322,236,3.240431697
2021,6,06/24/21 16:00,America-MG,Juventude,1,1,2,7,19,25,33,NA,NA,1.365769473
2021,6,06/24/21 21:30,Bahia,Athletico-PR,2,1,3,27,26,27,16,239,198,3.238871244
2021,6,06/24/21 19:00,Ceara,Atletico-MG,2,1,3,26,28,26,19,218,292,3.707088713
2021,6,06/24/21 19:00,Chapecoense,Internacional,1,2,3,16,33,24,22,259,234,3.517157137
2021,6,06/24/21 19:00,Corinthians,Sport Recife,2,1,3,23,13,20,22,255,201,2.220751511
2021,6,06/24/21 21:30,Gremio,Santos,2,2,4,29,23,26,29,264,270,0.633165139
2021,7,06/27/21 20:30,America-MG,Internacional,1,1,2,8,33,26,21,234,249,4.772003629
2021,7,06/27/21 20:00,Athletico-PR,Chapecoense,2,2,4,27,17,15,24,203,254,5.40668122
2021,7,06/27/21 20:30,Ceara,Sao Paulo,1,1,2,26,20,27,29,223,237,0.022578215
2021,7,06/27/21 16:00,Fluminense,Corinthians,1,1,2,26,25,20,21,206,262,2.825834713
2021,7,06/27/21 20:00,Gremio,Fortaleza,0,0,0,29,21,27,28,257,233,0.81725897
2021,7,06/27/21 11:00,Juventude,Flamengo,1,0,1,19,38,34,21,NA,NA,7.453373412
2021,7,06/27/21 20:00,Palmeiras,Bahia,3,2,5,25,29,21,26,262,249,0.066198029
2021,7,06/27/21 20:30,Santos,Atletico-MG,2,0,2,23,27,29,19,261,299,1.834628753